Code postal;Commune;Region
8914;Aeugst am Albis;3
8914;Aeugst am Albis;3
8909;Affoltern am Albis;3
8910;Affoltern am Albis;3
8906;Bonstetten;3
6340;Hausen am Albis;3
8915;Hausen am Albis;3
8925;Hausen am Albis;3
8908;Hedingen;3
8926;Kappel am Albis;3
8926;Kappel am Albis;3
8926;Kappel am Albis;3
8934;Knonau;3
8933;Maschwanden;3
8932;Mettmenstetten;3
8910;Obfelden;3
8912;Obfelden;3
8913;Ottenbach;3
8911;Rifferswil;3
8134;Stallikon;3
8143;Stallikon;3
8143;Stallikon;3
8907;Wettswil am Albis;3
8463;Benken (ZH);3
8415;Berg am Irchel;3
8415;Berg am Irchel;3
8414;Buch am Irchel;3
8447;Dachsen;3
8458;Dorf;3
8245;Feuerthalen;3
8246;Feuerthalen;3
8416;Flaach;3
8247;Flurlingen;3
8444;Henggart;3
8451;Kleinandelfingen;3
8453;Kleinandelfingen;3
8461;Kleinandelfingen;3
8212;Laufen-Uhwiesen;3
8248;Laufen-Uhwiesen;3
8447;Laufen-Uhwiesen;3
8460;Marthalen;3
8464;Marthalen;3
8466;Ossingen;3
8475;Ossingen;3
8462;Rheinau;3
8464;Rheinau;3
8478;Thalheim an der Thur;3
8465;Trüllikon;3
8465;Trüllikon;3
8466;Trüllikon;3
8467;Truttikon;3
8459;Volken;3
8180;Bachenbülach;3
8184;Bachenbülach;3
8303;Bassersdorf;3
8180;Bülach;3
8192;Bülach;3
8305;Dietlikon;2
8600;Dietlikon;2
8193;Eglisau;3
8197;Eglisau;3
8424;Embrach;3
8427;Freienstein-Teufen;3
8428;Freienstein-Teufen;3
8192;Glattfelden;3
8192;Glattfelden;3
8193;Glattfelden;3
8182;Hochfelden;3
8192;Hochfelden;3
8181;Höri;3
8194;Hüntwangen;3
8302;Kloten;2
8309;Kloten;2
8426;Lufingen;3
8309;Nürensdorf;3
8425;Oberembrach;3
8052;Opfikon;2
8152;Opfikon;2
8152;Opfikon;2
8152;Opfikon;2
8197;Rafz;3
8427;Rorbas;3
8428;Rorbas;3
8304;Wallisellen;2
8195;Wasterkingen;3
8196;Wasterkingen;3
8196;Wil (ZH);3
8197;Wil (ZH);3
8180;Winkel;3
8185;Winkel;3
8164;Bachs;3
8113;Boppelsen;3
8158;Boppelsen;3
8107;Buchs (ZH);3
8108;Dällikon;3
8114;Dänikon;3
8157;Dielsdorf;3
8115;Hüttikon;3
8162;Neerach;3
8164;Neerach;3
8173;Neerach;3
8174;Neerach;3
8155;Niederglatt;3
8172;Niederglatt;3
8155;Niederhasli;3
8155;Niederhasli;3
8156;Niederhasli;3
8166;Niederweningen;3
8154;Oberglatt;3
5462;Oberweningen;3
8165;Oberweningen;3
8107;Otelfingen;3
8112;Otelfingen;3
8158;Regensberg;3
8105;Regensdorf;2
8105;Regensdorf;2
8106;Regensdorf;2
8052;Rümlang;2
8152;Rümlang;2
8153;Rümlang;2
8165;Schleinikon;3
8165;Schöfflisdorf;3
8174;Stadel;3
8175;Stadel;3
8155;Steinmaur;3
8162;Steinmaur;3
8162;Steinmaur;3
8187;Weiach;3
8340;Bäretswil;3
8344;Bäretswil;3
8345;Bäretswil;3
8498;Bäretswil;3
8608;Bubikon;3
8633;Bubikon;3
8340;Dürnten;3
8608;Dürnten;3
8630;Dürnten;3
8632;Dürnten;3
8635;Dürnten;3
8636;Dürnten;3
8340;Fischenthal;3
8494;Fischenthal;3
8496;Fischenthal;3
8497;Fischenthal;3
8498;Fischenthal;3
8614;Gossau (ZH);3
8617;Gossau (ZH);3
8624;Gossau (ZH);3
8625;Gossau (ZH);3
8626;Gossau (ZH);3
8627;Gossau (ZH);3
8627;Grüningen;3
8340;Hinwil;3
8342;Hinwil;3
8498;Hinwil;3
8630;Rüti (ZH);3
8636;Rüti (ZH);3
8607;Seegräben;3
8497;Wald (ZH);3
8636;Wald (ZH);3
8637;Wald (ZH);3
8345;Wetzikon (ZH);3
8620;Wetzikon (ZH);3
8623;Wetzikon (ZH);3
8041;Adliswil;2
8134;Adliswil;2
8802;Kilchberg (ZH);2
8803;Kilchberg (ZH);2
8135;Langnau am Albis;3
8942;Oberrieden;3
8805;Richterswil;2
8833;Richterswil;2
8803;Rüschlikon;3
8136;Thalwil;2
8800;Thalwil;2
8703;Erlenbach (ZH);2
8703;Herrliberg;2
8704;Herrliberg;2
8627;Hombrechtikon;2
8634;Hombrechtikon;2
8714;Hombrechtikon;2
8127;Küsnacht (ZH);2
8700;Küsnacht (ZH);2
8618;Männedorf;2
8708;Männedorf;2
8706;Meilen;2
8618;Oetwil am See;2
8634;Stäfa;2
8712;Stäfa;2
8713;Stäfa;2
8707;Uetikon am See;2
8126;Zumikon;2
8125;Zollikon;2
8702;Zollikon;2
8308;Fehraltorf;3
8320;Fehraltorf;3
8335;Hittnau;3
8310;Lindau;3
8310;Lindau;3
8312;Lindau;3
8315;Lindau;3
8317;Lindau;3
8330;Pfäffikon;3
8331;Pfäffikon;3
8623;Pfäffikon;3
8322;Russikon;3
8322;Russikon;3
8332;Russikon;3
8332;Russikon;3
8308;Weisslingen;3
8484;Weisslingen;3
8484;Weisslingen;3
8484;Weisslingen;3
8486;Weisslingen;3
8492;Wila;3
8493;Wila;3
8322;Wildberg;3
8488;Wildberg;3
8489;Wildberg;3
8489;Wildberg;3
8489;Wildberg;3
8044;Dübendorf;2
8051;Dübendorf;2
8600;Dübendorf;2
8603;Dübendorf;2
8127;Egg;2
8132;Egg;2
8132;Egg;2
8133;Egg;2
8117;Fällanden;2
8118;Fällanden;2
8121;Fällanden;2
8606;Greifensee;2
8122;Maur;2
8123;Maur;2
8124;Maur;2
8127;Maur;2
8132;Maur;2
8607;Mönchaltorf;2
8617;Mönchaltorf;2
8600;Schwerzenbach;2
8603;Schwerzenbach;2
8605;Uster;2
8606;Uster;2
8610;Uster;2
8614;Uster;2
8615;Uster;2
8615;Uster;2
8616;Uster;2
8617;Uster;2
8307;Volketswil;2
8604;Volketswil;2
8605;Volketswil;2
8306;Wangen-Brüttisellen;2
8602;Wangen-Brüttisellen;2
8479;Altikon;3
8311;Brütten;3
8471;Dägerlen;3
8471;Dägerlen;3
8471;Dägerlen;3
8471;Dägerlen;3
8471;Dägerlen;3
8421;Dättlikon;3
8474;Dinhard;3
8548;Ellikon an der Thur;3
8352;Elsau;3
8500;Hagenbuch;3
8523;Hagenbuch;3
8442;Hettlingen;3
8412;Neftenbach;3
8412;Neftenbach;3
8412;Neftenbach;3
8413;Neftenbach;3
8422;Pfungen;3
8545;Rickenbach (ZH);3
8545;Rickenbach (ZH);3
8354;Schlatt (ZH);3
8405;Schlatt (ZH);3
8418;Schlatt (ZH);3
8472;Seuzach;3
8363;Turbenthal;3
8488;Turbenthal;3
8492;Turbenthal;3
8495;Turbenthal;3
8310;Winterthur;2
8352;Winterthur;2
8400;Winterthur;2
8404;Winterthur;2
8404;Winterthur;2
8404;Winterthur;2
8405;Winterthur;2
8406;Winterthur;2
8408;Winterthur;2
8409;Winterthur;2
8482;Winterthur;2
8542;Winterthur;2
8545;Winterthur;2
8483;Zell (ZH);3
8486;Zell (ZH);3
8487;Zell (ZH);3
8487;Zell (ZH);3
8904;Aesch (ZH);3
8142;Birmensdorf (ZH);3
8903;Birmensdorf (ZH);3
8953;Dietikon;2
8951;Geroldswil;3
8954;Geroldswil;3
8102;Oberengstringen;3
8955;Oetwil an der Limmat;3
8902;Schlieren;2
8952;Schlieren;2
8142;Uitikon;3
8143;Uitikon;3
8103;Unterengstringen;3
8951;Unterengstringen;3
8902;Urdorf;2
8104;Weiningen (ZH);3
8951;Weiningen (ZH);3
8001;Zürich;1
8002;Zürich;1
8003;Zürich;1
8004;Zürich;1
8005;Zürich;1
8006;Zürich;1
8008;Zürich;1
8032;Zürich;1
8037;Zürich;1
8038;Zürich;1
8041;Zürich;1
8044;Zürich;1
8045;Zürich;1
8046;Zürich;1
8047;Zürich;1
8048;Zürich;1
8049;Zürich;1
8050;Zürich;1
8051;Zürich;1
8052;Zürich;1
8053;Zürich;1
8055;Zürich;1
8057;Zürich;1
8064;Zürich;1
8125;Zürich;1
8134;Zürich;1
8142;Zürich;1
8143;Zürich;1
8152;Zürich;1
8952;Zürich;1
8450;Andelfingen;3
8452;Andelfingen;3
8457;Andelfingen;3
8468;Stammheim;3
8468;Stammheim;3
8476;Stammheim;3
8477;Stammheim;3
8525;Stammheim;3
8804;Wädenswil;2
8820;Wädenswil;2
8824;Wädenswil;2
8825;Wädenswil;2
8353;Elgg;3
8354;Elgg;3
8354;Elgg;3
8355;Elgg;3
8523;Elgg;3
6340;Horgen;2
8135;Horgen;2
8135;Horgen;2
8810;Horgen;2
8815;Horgen;2
8816;Horgen;2
8915;Horgen;2
8307;Illnau-Effretikon;3
8307;Illnau-Effretikon;3
8308;Illnau-Effretikon;3
8308;Illnau-Effretikon;3
8314;Illnau-Effretikon;3
8482;Illnau-Effretikon;3
8483;Illnau-Effretikon;3
8493;Bauma;3
8494;Bauma;3
8499;Bauma;3
8542;Wiesendangen;3
8543;Wiesendangen;3
8543;Wiesendangen;3
8543;Wiesendangen;3
8544;Wiesendangen;3
8546;Wiesendangen;3
3250;Aarberg;2
3267;Aarberg;2
3270;Aarberg;2
3273;Aarberg;2
3282;Bargen (BE);2
3283;Bargen (BE);2
3257;Grossaffoltern;2
3257;Grossaffoltern;2
3262;Grossaffoltern;2
3207;Kallnach;2
3226;Kallnach;2
3283;Kallnach;2
3283;Kallnach;2
3250;Kappelen;2
3252;Kappelen;2
3273;Kappelen;2
2557;Lyss;2
3250;Lyss;2
3292;Lyss;2
3042;Meikirch;2
3045;Meikirch;2
3046;Meikirch;2
3036;Radelfingen;2
3271;Radelfingen;2
3053;Rapperswil (BE);2
3251;Rapperswil (BE);2
3251;Rapperswil (BE);2
3254;Rapperswil (BE);2
3255;Rapperswil (BE);2
3256;Rapperswil (BE);2
3256;Rapperswil (BE);2
3256;Rapperswil (BE);2
3053;Schüpfen;2
3054;Schüpfen;2
3035;Seedorf (BE);2
3266;Seedorf (BE);2
3267;Seedorf (BE);2
3268;Seedorf (BE);2
3270;Seedorf (BE);2
4912;Aarwangen;3
4922;Aarwangen;3
4938;Auswil;3
4944;Auswil;3
4912;Bannwil;3
4913;Bannwil;3
3368;Bleienbach;3
4917;Busswil bei Melchnau;3
4955;Gondiswil;3
4900;Langenthal;3
4916;Langenthal;3
4924;Langenthal;3
3368;Lotzwil;3
4932;Lotzwil;3
4919;Madiswil;3
4932;Madiswil;3
4934;Madiswil;3
4935;Madiswil;3
4936;Madiswil;3
4917;Melchnau;3
6146;Melchnau;3
6147;Melchnau;3
4943;Oeschenbach;3
4919;Reisiswil;3
4914;Roggwil (BE);3
4938;Rohrbach;3
4938;Rohrbachgraben;3
4933;Rütschelen;3
4911;Schwarzhäusern;3
4922;Thunstetten;3
4922;Thunstetten;3
4936;Ursenbach;3
4937;Ursenbach;3
4942;Ursenbach;3
4943;Ursenbach;3
4923;Wynau;3
3004;Bern;1
3005;Bern;1
3006;Bern;1
3007;Bern;1
3008;Bern;1
3010;Bern;1
3011;Bern;1
3012;Bern;1
3013;Bern;1
3014;Bern;1
3015;Bern;1
3018;Bern;1
3019;Bern;1
3020;Bern;1
3027;Bern;1
3032;Bern;1
3037;Bern;1
3048;Bern;1
3063;Bern;1
3072;Bern;1
3073;Bern;1
3084;Bern;1
3097;Bern;1
3172;Bern;1
3065;Bolligen;1
3066;Bolligen;1
3326;Bolligen;1
3047;Bremgarten bei Bern;1
3037;Kirchlindach;1
3038;Kirchlindach;1
3042;Kirchlindach;1
3007;Köniz;1
3084;Köniz;1
3095;Köniz;1
3097;Köniz;1
3098;Köniz;1
3098;Köniz;1
3098;Köniz;1
3144;Köniz;1
3145;Köniz;1
3147;Köniz;1
3172;Köniz;1
3173;Köniz;1
3174;Köniz;1
3073;Muri bei Bern;1
3074;Muri bei Bern;1
3076;Muri bei Bern;1
3086;Oberbalm;1
3096;Oberbalm;1
3145;Oberbalm;1
3147;Oberbalm;1
3066;Stettlen;1
3067;Stettlen;1
3076;Stettlen;1
3066;Vechigen;1
3067;Vechigen;1
3068;Vechigen;1
3076;Vechigen;1
3513;Vechigen;1
3032;Wohlen bei Bern;1
3033;Wohlen bei Bern;1
3034;Wohlen bei Bern;1
3035;Wohlen bei Bern;1
3036;Wohlen bei Bern;1
3037;Wohlen bei Bern;1
3042;Wohlen bei Bern;1
3043;Wohlen bei Bern;1
3044;Wohlen bei Bern;1
3045;Wohlen bei Bern;1
3049;Wohlen bei Bern;1
3052;Zollikofen;1
3048;Ittigen;1
3063;Ittigen;1
3063;Ostermundigen;1
3065;Ostermundigen;1
3066;Ostermundigen;1
3072;Ostermundigen;1
3073;Ostermundigen;1
2502;Biel/Bienne;1
2503;Biel/Bienne;1
2504;Biel/Bienne;1
2505;Biel/Bienne;1
2532;Biel/Bienne;1
2532;Évilard;1
2533;Évilard;1
3296;Arch;2
2557;Büetigen;2
3263;Büetigen;2
3294;Büren an der Aare;2
3264;Diessbach bei Büren;2
3293;Dotzigen;2
3294;Dotzigen;2
2543;Lengnau (BE);2
3297;Leuzigen;2
3294;Meienried;2
2554;Meinisberg;2
3298;Oberwil bei Büren;2
2542;Pieterlen;2
3295;Rüti bei Büren;2
3251;Wengi;2
3257;Wengi;2
3426;Aefligen;2
3473;Alchenstorf;2
3323;Bäriswil;2
3400;Burgdorf;2
3413;Burgdorf;2
3414;Burgdorf;2
3472;Burgdorf;2
3422;Ersigen;2
3423;Ersigen;2
3424;Ersigen;2
3424;Ersigen;2
3425;Ersigen;2
3472;Ersigen;2
3415;Hasle bei Burgdorf;2
3415;Hasle bei Burgdorf;2
3419;Hasle bei Burgdorf;2
3432;Hasle bei Burgdorf;2
3433;Hasle bei Burgdorf;2
3513;Hasle bei Burgdorf;2
3412;Heimiswil;2
3413;Heimiswil;2
3415;Heimiswil;2
3416;Heimiswil;2
3418;Heimiswil;2
3472;Heimiswil;2
3429;Hellsau;2
3324;Hindelbank;2
3324;Hindelbank;2
3325;Hindelbank;2
3421;Hindelbank;2
3429;Höchstetten;2
3309;Kernenried;2
3400;Kirchberg (BE);2
3422;Kirchberg (BE);2
3425;Koppigen;2
3325;Krauchthal;2
3326;Krauchthal;2
3324;Lyssach;2
3421;Lyssach;2
3422;Lyssach;2
3414;Oberburg;2
3421;Oberburg;2
3422;Rüdtligen-Alchenflüh;2
3422;Rüdtligen-Alchenflüh;2
3472;Rumendingen;2
3421;Rüti bei Lyssach;2
3425;Willadingen;2
3464;Wynigen;2
3472;Wynigen;2
3474;Wynigen;2
2534;Corgémont;2
2606;Corgémont;2
2608;Corgémont;2
2720;Corgémont;2
2608;Cormoret;2
2610;Cormoret;2
2612;Cormoret;2
2613;Cormoret;2
2607;Cortébert;2
2608;Cortébert;2
2723;Cortébert;2
2608;Courtelary;2
2608;Courtelary;2
2610;Courtelary;2
2723;Courtelary;2
2333;La Ferrière;2
2333;La Ferrière;2
2610;La Ferrière;2
2720;Mont-Tramelan;2
2723;Mont-Tramelan;2
2534;Orvin;2
2534;Orvin;2
2535;Orvin;2
2616;Renan (BE);2
2616;Renan (BE);2
2536;Romont (BE);2
2538;Romont (BE);2
2603;Romont (BE);2
2345;Saint-Imier;2
2610;Saint-Imier;2
2610;Saint-Imier;2
2610;Saint-Imier;2
2605;Sonceboz-Sombeval;2
2606;Sonceboz-Sombeval;2
2720;Sonceboz-Sombeval;2
2333;Sonvilier;2
2345;Sonvilier;2
2610;Sonvilier;2
2615;Sonvilier;2
2615;Sonvilier;2
2720;Tramelan;2
2720;Tramelan;2
2722;Tramelan;2
2723;Tramelan;2
2345;Villeret;2
2610;Villeret;2
2610;Villeret;2
2613;Villeret;2
2535;Sauge;2
2536;Sauge;2
2537;Sauge;2
2535;Péry-La Heutte;2
2603;Péry-La Heutte;2
2604;Péry-La Heutte;2
2732;Péry-La Heutte;2
2735;Péry-La Heutte;2
3237;Brüttelen;2
3232;Erlach;2
3233;Erlach;2
3235;Erlach;2
2577;Finsterhennen;2
2525;Gals;2
3235;Gals;2
3238;Gals;2
3236;Gampelen;2
3232;Ins;2
3236;Ins;2
2575;Lüscherz;2
2576;Lüscherz;2
3225;Müntschemier;2
2577;Siselen;2
3226;Treiten;2
3233;Tschugg;2
2576;Vinelz;2
3234;Vinelz;2
3314;Bätterkinden;2
3315;Bätterkinden;2
3315;Bätterkinden;2
4573;Bätterkinden;2
3053;Deisswil bei Münchenbuchsee;2
3306;Fraubrunnen;2
3308;Fraubrunnen;2
3309;Fraubrunnen;2
3312;Fraubrunnen;2
3313;Fraubrunnen;2
3314;Fraubrunnen;2
3317;Fraubrunnen;2
3317;Fraubrunnen;2
3303;Jegenstorf;2
3303;Jegenstorf;2
3303;Jegenstorf;2
3305;Jegenstorf;2
3305;Iffwil;2
3322;Mattstetten;2
3322;Mattstetten;2
3053;Moosseedorf;2
3302;Moosseedorf;2
3322;Moosseedorf;2
3052;Münchenbuchsee;2
3053;Münchenbuchsee;2
3053;Münchenbuchsee;2
3322;Urtenen-Schönbühl;2
3427;Utzenstorf;2
3053;Wiggiswil;2
3427;Wiler bei Utzenstorf;2
3428;Wiler bei Utzenstorf;2
4564;Zielebach;2
3303;Zuzwil (BE);2
3715;Adelboden;3
3725;Adelboden;3
3702;Aeschi bei Spiez;3
3703;Aeschi bei Spiez;3
3703;Aeschi bei Spiez;3
3704;Aeschi bei Spiez;3
3711;Aeschi bei Spiez;3
3711;Aeschi bei Spiez;3
3713;Frutigen;3
3714;Frutigen;3
3715;Frutigen;3
3716;Frutigen;3
3724;Frutigen;3
3725;Frutigen;3
3716;Kandergrund;3
3717;Kandergrund;3
3718;Kandersteg;3
3704;Krattigen;3
3705;Krattigen;3
3711;Reichenbach im Kandertal;3
3713;Reichenbach im Kandertal;3
3714;Reichenbach im Kandertal;3
3722;Reichenbach im Kandertal;3
3723;Reichenbach im Kandertal;3
3800;Beatenberg;3
3803;Beatenberg;3
3806;Bönigen;3
3855;Brienz (BE);3
3855;Brienz (BE);3
3856;Brienzwiler;3
3860;Brienzwiler;3
3707;Därligen;3
3816;Grindelwald;3
3816;Grindelwald;3
3818;Grindelwald;3
3823;Grindelwald;3
3812;Gsteigwiler;3
3814;Gsteigwiler;3
3812;Gündlischwand;3
3815;Gündlischwand;3
3815;Gündlischwand;3
3804;Habkern;3
6197;Habkern;3
3858;Hofstetten bei Brienz;3
3800;Interlaken;3
3807;Iseltwald;3
3801;Lauterbrunnen;3
3822;Lauterbrunnen;3
3822;Lauterbrunnen;3
3823;Lauterbrunnen;3
3823;Lauterbrunnen;3
3823;Lauterbrunnen;3
3824;Lauterbrunnen;3
3825;Lauterbrunnen;3
3826;Lauterbrunnen;3
3706;Leissigen;3
3816;Lütschental;3
3800;Matten bei Interlaken;3
3812;Matten bei Interlaken;3
3853;Niederried bei Interlaken;3
3854;Oberried am Brienzersee;3
3855;Oberried am Brienzersee;3
3805;Ringgenberg (BE);3
3852;Ringgenberg (BE);3
3813;Saxeten;3
3855;Schwanden bei Brienz;3
3800;Unterseen;3
3812;Wilderswil;3
3507;Arni (BE);2
3508;Arni (BE);2
3507;Biglen;2
3531;Bowil;2
3533;Bowil;2
3534;Bowil;2
3538;Bowil;2
3673;Bowil;2
3671;Brenzikofen;2
3510;Freimettigen;2
3082;Grosshöchstetten;2
3506;Grosshöchstetten;2
3510;Häutligen;2
3671;Herbligen;2
3114;Kiesen;2
3629;Kiesen;2
3503;Konolfingen;2
3510;Konolfingen;2
3434;Landiswil;2
3434;Landiswil;2
3508;Landiswil;2
3538;Linden;2
3615;Linden;2
3672;Linden;2
3673;Linden;2
3506;Mirchel;2
3532;Mirchel;2
3083;Münsingen;2
3110;Münsingen;2
3111;Münsingen;2
3504;Niederhünigen;2
3672;Oberdiessbach;2
3672;Oberdiessbach;2
3674;Oberdiessbach;2
3506;Oberthal;2
3508;Oberthal;2
3531;Oberthal;2
3629;Oppligen;2
3112;Rubigen;2
3113;Rubigen;2
3068;Walkringen;2
3415;Walkringen;2
3512;Walkringen;2
3513;Walkringen;2
3068;Worb;2
3075;Worb;2
3075;Worb;2
3076;Worb;2
3077;Worb;2
3078;Worb;2
3082;Worb;2
3113;Worb;2
3506;Zäziwil;2
3531;Zäziwil;2
3532;Zäziwil;2
3533;Zäziwil;2
3504;Oberhünigen;2
3532;Oberhünigen;2
3532;Oberhünigen;2
3533;Oberhünigen;2
3673;Oberhünigen;2
3073;Allmendingen;2
3112;Allmendingen;2
3114;Wichtrach;2
3510;Wichtrach;2
3177;Ferenbalm;2
3205;Ferenbalm;2
3206;Ferenbalm;2
3206;Ferenbalm;2
3206;Ferenbalm;2
3206;Ferenbalm;2
3207;Ferenbalm;2
3020;Frauenkappelen;2
3033;Frauenkappelen;2
3202;Frauenkappelen;2
3208;Gurbrü;2
3210;Gurbrü;2
3179;Kriechenwil;2
3177;Laupen;2
3202;Mühleberg;2
3203;Mühleberg;2
3204;Mühleberg;2
3205;Mühleberg;2
1797;Münchenwiler;2
3174;Neuenegg;2
3176;Neuenegg;2
3177;Neuenegg;2
3204;Neuenegg;2
3207;Wileroltigen;2
2744;Belprahon;2
2735;Champoz;2
2747;Corcelles (BE);2
2735;Court;2
2738;Court;2
2746;Crémines;2
4716;Crémines;2
2743;Eschert;2
2745;Grandval;2
2732;Loveresse;2
2733;Loveresse;2
2740;Moutier;2
2742;Perrefitte;2
2710;Reconvilier;2
2732;Reconvilier;2
2740;Roches (BE);2
2762;Roches (BE);2
2712;Saicourt;2
2713;Saicourt;2
2720;Saicourt;2
2732;Saicourt;2
2732;Saules (BE);2
2827;Schelten;2
2747;Seehof;2
2736;Sorvilier;2
2710;Tavannes;2
2720;Tavannes;2
2717;Rebévelier;2
2712;Petit-Val;2
2715;Petit-Val;2
2715;Petit-Val;2
2716;Petit-Val;2
2717;Petit-Val;2
2748;Petit-Val;2
2748;Petit-Val;2
2733;Valbirse;2
2735;Valbirse;2
2735;Valbirse;2
2514;La Neuveville;2
2520;La Neuveville;2
2523;La Neuveville;2
2518;Nods;2
2523;Nods;2
2534;Nods;2
2515;Plateau de Diesse;2
2516;Plateau de Diesse;2
2517;Plateau de Diesse;2
2558;Aegerten;2
2562;Bellmund;2
2563;Bellmund;2
2564;Bellmund;2
2503;Brügg;2
2504;Brügg;2
2552;Brügg;2
2555;Brügg;2
3274;Bühl;2
3272;Epsach;2
2575;Hagneck;2
2575;Hagneck;2
3274;Hermrigen;2
2565;Jens;2
2563;Ipsach;2
2513;Ligerz;2
2514;Ligerz;2
3274;Merzligen;2
2572;Mörigen;2
2503;Nidau;2
2560;Nidau;2
2504;Orpund;2
2552;Orpund;2
2560;Port;2
2562;Port;2
2553;Safnern;2
2556;Scheuren;2
2556;Schwadernau;2
2557;Studen (BE);2
2572;Sutz-Lattrigen;2
2575;Täuffelen;2
2575;Täuffelen;2
2575;Täuffelen;2
3272;Walperswil;2
3252;Worben;2
2505;Twann-Tüscherz;2
2512;Twann-Tüscherz;2
2513;Twann-Tüscherz;2
2516;Twann-Tüscherz;2
3235;Twann-Tüscherz;2
3763;Därstetten;3
3764;Därstetten;3
3753;Diemtigen;3
3754;Diemtigen;3
3755;Diemtigen;3
3756;Diemtigen;3
3757;Diemtigen;3
3754;Erlenbach im Simmental;3
3758;Erlenbach im Simmental;3
3762;Erlenbach im Simmental;3
3764;Oberwil im Simmental;3
3765;Oberwil im Simmental;3
3766;Oberwil im Simmental;3
3645;Reutigen;2
3647;Reutigen;2
3645;Spiez;3
3646;Spiez;3
3700;Spiez;3
3702;Spiez;3
3704;Spiez;3
3705;Spiez;3
3711;Wimmis;3
3752;Wimmis;3
3631;Stocken-Höfen;3
3632;Stocken-Höfen;3
3632;Stocken-Höfen;3
3864;Guttannen;3
6083;Hasliberg;3
6084;Hasliberg;3
6085;Hasliberg;3
6086;Hasliberg;3
3862;Innertkirchen;3
3863;Innertkirchen;3
3856;Meiringen;3
3857;Meiringen;3
3860;Meiringen;3
3860;Meiringen;3
3860;Schattenhalb;3
3860;Schattenhalb;3
1657;Boltigen;3
3766;Boltigen;3
3770;Boltigen;3
3773;Lenk;3
3775;Lenk;3
3772;St. Stephan;3
3773;St. Stephan;3
3770;Zweisimmen;3
3771;Zweisimmen;3
3776;Zweisimmen;3
3777;Zweisimmen;3
3784;Gsteig;3
3785;Gsteig;3
3782;Lauenen;3
1657;Saanen;3
3777;Saanen;3
3778;Saanen;3
3780;Saanen;3
3781;Saanen;3
3783;Saanen;3
3792;Saanen;3
1738;Guggisberg;2
3150;Guggisberg;2
3156;Guggisberg;2
3157;Guggisberg;2
3158;Guggisberg;2
3159;Guggisberg;2
1738;Rüschegg;2
3099;Rüschegg;2
3152;Rüschegg;2
3153;Rüschegg;2
3154;Rüschegg;2
3156;Rüschegg;2
3157;Rüschegg;2
3148;Schwarzenburg;2
3150;Schwarzenburg;2
3152;Schwarzenburg;2
3154;Schwarzenburg;2
3157;Schwarzenburg;2
3183;Schwarzenburg;2
3086;Belp;2
3115;Belp;2
3122;Belp;2
3123;Belp;2
3124;Belp;2
3125;Belp;2
3664;Burgistein;2
3665;Burgistein;2
3115;Gerzensee;2
3663;Gurzelen;2
3664;Gurzelen;2
3629;Jaberg;2
3126;Kaufdorf;2
3122;Kehrsatz;2
3123;Kehrsatz;2
3115;Kirchdorf (BE);2
3116;Kirchdorf (BE);2
3116;Kirchdorf (BE);2
3116;Kirchdorf (BE);2
3125;Kirchdorf (BE);2
3126;Kirchdorf (BE);2
3629;Kirchdorf (BE);2
3086;Niedermuhlern;2
3087;Niedermuhlern;2
3099;Riggisberg;2
3128;Riggisberg;2
3132;Riggisberg;2
3664;Riggisberg;2
3087;Rüeggisberg;2
3088;Rüeggisberg;2
3088;Rüeggisberg;2
3089;Rüeggisberg;2
3099;Rüeggisberg;2
3132;Rüeggisberg;2
3154;Rüeggisberg;2
3155;Rüeggisberg;2
3662;Seftigen;2
3123;Toffen;2
3125;Toffen;2
3628;Uttigen;2
3664;Wattenwil;2
3665;Wattenwil;2
3086;Wald (BE);2
3086;Wald (BE);2
3087;Wald (BE);2
3096;Wald (BE);2
3127;Thurnen;2
3127;Thurnen;2
3128;Thurnen;2
3536;Eggiwil;3
3537;Eggiwil;3
3550;Eggiwil;3
3618;Eggiwil;3
6197;Eggiwil;3
3535;Langnau im Emmental;3
3543;Langnau im Emmental;3
3550;Langnau im Emmental;3
3551;Langnau im Emmental;3
3552;Langnau im Emmental;3
3553;Langnau im Emmental;3
3555;Langnau im Emmental;3
3434;Lauperswil;3
3436;Lauperswil;3
3438;Lauperswil;3
3543;Lauperswil;3
3550;Lauperswil;3
3551;Lauperswil;3
3533;Röthenbach im Emmental;3
3537;Röthenbach im Emmental;3
3538;Röthenbach im Emmental;3
3615;Röthenbach im Emmental;3
3618;Röthenbach im Emmental;3
3432;Rüderswil;3
3433;Rüderswil;3
3436;Rüderswil;3
3437;Rüderswil;3
3438;Rüderswil;3
3439;Rüderswil;3
3453;Rüderswil;3
6197;Schangnau;3
3534;Signau;3
3535;Signau;3
3543;Signau;3
3537;Trub;3
3552;Trub;3
3555;Trub;3
3556;Trub;3
3557;Trub;3
3537;Trubschachen;3
3555;Trubschachen;3
3556;Trubschachen;3
3633;Amsoldingen;2
3638;Blumenstein;2
3614;Buchholterberg;2
3615;Buchholterberg;2
3618;Buchholterberg;2
3674;Buchholterberg;2
3616;Eriz;2
3619;Eriz;2
6197;Eriz;2
3612;Fahrni;2
3617;Fahrni;2
3625;Heiligenschwendi;2
3613;Heimberg;2
3627;Heimberg;2
3671;Heimberg;2
3600;Hilterfingen;2
3625;Hilterfingen;2
3626;Hilterfingen;2
3652;Hilterfingen;2
3622;Homberg;2
3619;Horrenbach-Buchen;2
3623;Horrenbach-Buchen;2
3623;Horrenbach-Buchen;2
3652;Oberhofen am Thunersee;2
3653;Oberhofen am Thunersee;2
3654;Oberhofen am Thunersee;2
3616;Oberlangenegg;2
3618;Oberlangenegg;2
3638;Pohlern;2
3619;Sigriswil;2
3623;Sigriswil;2
3654;Sigriswil;2
3655;Sigriswil;2
3656;Sigriswil;2
3656;Sigriswil;2
3656;Sigriswil;2
3657;Sigriswil;2
3658;Sigriswil;2
3612;Steffisburg;2
3613;Steffisburg;2
3617;Steffisburg;2
3624;Steffisburg;2
3627;Steffisburg;2
3623;Teuffenthal (BE);2
3633;Thierachern;2
3634;Thierachern;2
3635;Thierachern;2
3636;Thierachern;2
3600;Thun;2
3603;Thun;2
3604;Thun;2
3608;Thun;2
3612;Thun;2
3624;Thun;2
3626;Thun;2
3645;Thun;2
3631;Uebeschi;2
3635;Uebeschi;2
3603;Uetendorf;2
3661;Uetendorf;2
3614;Unterlangenegg;2
3616;Unterlangenegg;2
3618;Wachseldorn;2
3636;Forst-Längenbühl;2
3636;Forst-Längenbühl;2
3663;Forst-Längenbühl;2
3665;Forst-Längenbühl;2
3413;Affoltern im Emmental;3
3416;Affoltern im Emmental;3
3418;Affoltern im Emmental;3
3462;Affoltern im Emmental;3
3463;Affoltern im Emmental;3
3464;Affoltern im Emmental;3
3463;Dürrenroth;3
3464;Dürrenroth;3
3465;Dürrenroth;3
4942;Dürrenroth;3
4950;Eriswil;3
4952;Eriswil;3
4938;Huttwil;3
4950;Huttwil;3
4952;Huttwil;3
4953;Huttwil;3
3414;Lützelflüh;3
3415;Lützelflüh;3
3418;Lützelflüh;3
3419;Lützelflüh;3
3432;Lützelflüh;3
3433;Lützelflüh;3
3434;Lützelflüh;3
3435;Lützelflüh;3
3439;Lützelflüh;3
3452;Lützelflüh;3
3453;Lützelflüh;3
3454;Lützelflüh;3
3456;Lützelflüh;3
3415;Rüegsau;3
3416;Rüegsau;3
3417;Rüegsau;3
3418;Rüegsau;3
3454;Rüegsau;3
3416;Sumiswald;3
3454;Sumiswald;3
3455;Sumiswald;3
3457;Sumiswald;3
3462;Sumiswald;3
4952;Sumiswald;3
4954;Sumiswald;3
3453;Trachselwald;3
3456;Trachselwald;3
3551;Trachselwald;3
3463;Walterswil (BE);3
3464;Walterswil (BE);3
4938;Walterswil (BE);3
4942;Walterswil (BE);3
4943;Walterswil (BE);3
3457;Wyssachen;3
4953;Wyssachen;3
4954;Wyssachen;3
4536;Attiswil;3
3376;Berken;3
3366;Bettenhausen;3
3366;Bettenhausen;3
4539;Farnern;3
3376;Graben;3
3372;Heimenhausen;3
3373;Heimenhausen;3
3373;Heimenhausen;3
3360;Herzogenbuchsee;3
3363;Herzogenbuchsee;3
3375;Inkwil;3
4704;Niederbipp;3
4704;Niederbipp;3
3362;Niederönz;3
4556;Niederönz;3
4538;Oberbipp;3
3367;Ochlenberg;3
3476;Ochlenberg;3
4539;Rumisberg;3
4539;Rumisberg;3
3365;Seeberg;3
3365;Seeberg;3
3474;Seeberg;3
3475;Seeberg;3
3475;Seeberg;3
3476;Seeberg;3
4943;Seeberg;3
3360;Thörigen;3
3367;Thörigen;3
3476;Thörigen;3
3380;Walliswil bei Niederbipp;3
3377;Walliswil bei Wangen;3
3374;Wangen an der Aare;3
3380;Wangen an der Aare;3
4536;Wangen an der Aare;3
3380;Wiedlisbach;3
4537;Wiedlisbach;3
4539;Wiedlisbach;3
6110;Doppleschwand;3
6112;Doppleschwand;3
6105;Entlebuch;3
6110;Entlebuch;3
6162;Entlebuch;3
6162;Entlebuch;3
6162;Entlebuch;3
6163;Entlebuch;3
6166;Entlebuch;3
6170;Entlebuch;3
6170;Flühli;3
6173;Flühli;3
6174;Flühli;3
6192;Flühli;3
6197;Flühli;3
6162;Hasle (LU);3
6162;Hasle (LU);3
6166;Hasle (LU);3
6170;Hasle (LU);3
6110;Romoos;3
6113;Romoos;3
6166;Romoos;3
6167;Romoos;3
6170;Romoos;3
6170;Schüpfheim;3
6105;Werthenstein;2
6106;Werthenstein;2
6110;Werthenstein;2
3555;Escholzmatt-Marbach;3
6170;Escholzmatt-Marbach;3
6173;Escholzmatt-Marbach;3
6182;Escholzmatt-Marbach;3
6192;Escholzmatt-Marbach;3
6196;Escholzmatt-Marbach;3
6197;Escholzmatt-Marbach;3
6287;Aesch (LU);3
6034;Ballwil;3
6274;Ballwil;3
6275;Ballwil;3
6020;Emmen;1
6023;Emmen;1
6032;Emmen;1
6206;Emmen;1
6294;Ermensee;3
6026;Eschenbach (LU);3
6034;Eschenbach (LU);3
6274;Eschenbach (LU);3
6284;Hitzkirch;3
6284;Hitzkirch;3
6285;Hitzkirch;3
6285;Hitzkirch;3
6286;Hitzkirch;3
6288;Hitzkirch;3
6289;Hitzkirch;3
6289;Hitzkirch;3
6289;Hitzkirch;3
6295;Hitzkirch;3
6274;Hochdorf;3
6275;Hochdorf;3
6280;Hochdorf;3
6280;Hochdorf;3
6283;Hochdorf;3
6275;Hohenrain;3
6276;Hohenrain;3
6277;Hohenrain;3
6277;Hohenrain;3
6280;Hohenrain;3
6283;Hohenrain;3
6034;Inwil;3
6038;Inwil;3
6026;Rain;3
6026;Römerswil;3
6027;Römerswil;3
6028;Römerswil;3
6280;Römerswil;3
6280;Römerswil;3
6283;Römerswil;3
6023;Rothenburg;2
6026;Rothenburg;2
6206;Rothenburg;2
6287;Schongau;3
6288;Schongau;3
6030;Adligenswil;2
6043;Adligenswil;2
6030;Buchrain;2
6033;Buchrain;2
6035;Buchrain;2
6036;Dierikon;2
6037;Dierikon;2
6004;Ebikon;1
6006;Ebikon;1
6020;Ebikon;1
6030;Ebikon;1
6032;Ebikon;1
6038;Gisikon;3
6353;Greppen;3
6404;Greppen;3
;Honau;3
6005;Horw;1
6005;Horw;1
6047;Horw;1
6048;Horw;1
6052;Horw;1
6005;Kriens;1
6010;Kriens;1
6012;Kriens;1
6013;Kriens;1
6048;Kriens;1
6003;Luzern;1
6004;Luzern;1
6005;Luzern;1
6006;Luzern;1
6014;Luzern;1
6015;Luzern;1
6016;Luzern;1
6020;Luzern;1
6365;Luzern;1
6014;Malters;2
6016;Malters;2
6019;Malters;2
6102;Malters;2
6006;Meggen;2
6045;Meggen;2
6344;Meierskappel;2
6035;Root;2
6037;Root;2
6038;Root;2
6038;Root;2
6039;Root;2
6044;Root;2
6013;Schwarzenberg;3
6103;Schwarzenberg;3
6044;Udligenswil;2
6354;Vitznau;3
6356;Vitznau;3
6353;Weggis;3
6354;Weggis;3
6356;Weggis;3
6025;Beromünster;3
6028;Beromünster;3
6215;Beromünster;3
6215;Beromünster;3
6221;Beromünster;3
6222;Beromünster;3
6233;Büron;3
6018;Buttisholz;3
6022;Buttisholz;3
6205;Eich;2
6214;Eich;2
6232;Geuensee;3
6022;Grosswangen;3
6024;Hildisrieden;3
6212;Knutwil;3
6213;Knutwil;3
6210;Mauensee;3
6212;Mauensee;3
6216;Mauensee;3
6242;Mauensee;3
6016;Neuenkirch;2
6023;Neuenkirch;2
6024;Neuenkirch;2
6203;Neuenkirch;2
6204;Neuenkirch;2
6206;Neuenkirch;2
6207;Neuenkirch;2
6207;Nottwil;2
6018;Oberkirch;2
6207;Oberkirch;2
6208;Oberkirch;2
6210;Oberkirch;2
6216;Oberkirch;2
5735;Rickenbach (LU);3
6221;Rickenbach (LU);3
6016;Ruswil;2
6017;Ruswil;2
6018;Ruswil;2
6019;Ruswil;2
6105;Ruswil;2
6106;Ruswil;2
6110;Ruswil;2
6206;Ruswil;2
6207;Ruswil;2
6210;Schenkon;2
6214;Schenkon;2
6222;Schenkon;2
6231;Schlierbach;3
6024;Sempach;2
6204;Sempach;2
6210;Sursee;2
6213;Triengen;3
6234;Triengen;3
6234;Triengen;3
6235;Triengen;3
6236;Triengen;3
6110;Wolhusen;2
6114;Wolhusen;2
6122;Wolhusen;2
6248;Alberswil;3
6147;Altbüron;3
6144;Altishofen;3
6244;Altishofen;3
6245;Altishofen;3
6246;Altishofen;3
6247;Altishofen;3
6263;Altishofen;3
6211;Dagmersellen;3
6235;Dagmersellen;3
6246;Dagmersellen;3
6252;Dagmersellen;3
6253;Dagmersellen;3
6260;Dagmersellen;3
6243;Egolzwil;3
6244;Egolzwil;3
6022;Ettiswil;3
6217;Ettiswil;3
6218;Ettiswil;3
6248;Ettiswil;3
6145;Fischbach;3
6152;Fischbach;3
6153;Fischbach;3
6145;Grossdietwil;3
6146;Grossdietwil;3
6147;Grossdietwil;3
6245;Grossdietwil;3
6125;Hergiswil bei Willisau;3
6130;Hergiswil bei Willisau;3
6132;Hergiswil bei Willisau;3
6133;Hergiswil bei Willisau;3
6156;Hergiswil bei Willisau;3
4952;Luthern;3
6153;Luthern;3
6154;Luthern;3
6156;Luthern;3
6156;Luthern;3
6110;Menznau;3
6122;Menznau;3
6123;Menznau;3
6125;Menznau;3
6130;Menznau;3
6244;Nebikon;3
4915;Pfaffnau;3
6147;Pfaffnau;3
6264;Pfaffnau;3
6265;Pfaffnau;3
6252;Reiden;3
6260;Reiden;3
6260;Reiden;3
6260;Reiden;3
6260;Reiden;3
6262;Reiden;3
6263;Reiden;3
6265;Roggliswil;3
6143;Schötz;3
6247;Schötz;3
4952;Ufhusen;3
4955;Ufhusen;3
6153;Ufhusen;3
6242;Wauwil;3
4806;Wikon;3
6260;Wikon;3
6260;Wikon;3
6144;Zell (LU);3
6152;Zell (LU);3
6153;Zell (LU);3
6122;Willisau;3
6125;Willisau;3
6126;Willisau;3
6130;Willisau;3
6132;Willisau;3
6133;Willisau;3
6142;Willisau;3
6143;Willisau;3
6144;Willisau;3
6154;Willisau;3
6156;Willisau;3
6248;Willisau;3
1473;Châtillon (FR);2
1482;Cugy (FR);2
1483;Cugy (FR);2
1532;Fétigny;2
1544;Gletterens;2
1470;Lully (FR);2
1470;Lully (FR);2
1470;Lully (FR);2
1470;Lully (FR);2
1533;Ménières;2
1562;Montagny (FR);2
1774;Montagny (FR);2
1774;Montagny (FR);2
1774;Montagny (FR);2
1775;Montagny (FR);2
1775;Montagny (FR);2
1776;Montagny (FR);2
1485;Nuvilly;2
1410;Prévondavaux;2
1566;Saint-Aubin (FR);2
1566;Saint-Aubin (FR);2
1541;Sévaz;2
1525;Surpierre;2
1527;Surpierre;2
1528;Surpierre;2
1528;Surpierre;2
1529;Surpierre;2
1534;Surpierre;2
1565;Vallon;2
1483;Les Montets;2
1483;Les Montets;2
1484;Les Montets;2
1484;Les Montets;2
1534;Les Montets;2
1567;Delley-Portalban;2
1568;Delley-Portalban;2
1563;Belmont-Broye;2
1564;Belmont-Broye;2
1580;Belmont-Broye;2
1580;Belmont-Broye;2
1772;Belmont-Broye;2
1773;Belmont-Broye;2
1773;Belmont-Broye;2
1773;Belmont-Broye;2
1776;Belmont-Broye;2
1470;Estavayer;2
1473;Estavayer;2
1473;Estavayer;2
1475;Estavayer;2
1475;Estavayer;2
1475;Estavayer;2
1486;Estavayer;2
1489;Estavayer;2
1541;Estavayer;2
1541;Estavayer;2
1542;Estavayer;2
1468;Cheyres-Châbles;2
1474;Cheyres-Châbles;2
;Auboranges;2
1681;Billens-Hennens;2
1681;Billens-Hennens;2
;Chapelle (Glâne);2
1689;Le Châtelard;2
1553;Châtonnaye;2
;Écublens (FR);2
1686;Grangettes;2
1692;Massonnens;2
1680;Mézières (FR);2
1680;Mézières (FR);2
1684;Mézières (FR);2
;Montet (Glâne);2
1680;Romont (FR);2
1085;Rue;2
1608;Rue;2
1673;Rue;2
1673;Rue;2
1673;Rue;2
1673;Rue;2
1673;Rue;2
1675;Rue;2
1676;Siviriez;2
1677;Siviriez;2
1678;Siviriez;2
1679;Siviriez;2
1680;Siviriez;2
1670;Ursy;2
1670;Ursy;2
1670;Ursy;2
1674;Ursy;2
1674;Ursy;2
1674;Ursy;2
1675;Ursy;2
1675;Ursy;2
1675;Ursy;2
1685;Vuisternens-devant-Romont;2
1686;Vuisternens-devant-Romont;2
1687;Vuisternens-devant-Romont;2
1687;Vuisternens-devant-Romont;2
1687;Vuisternens-devant-Romont;2
1688;Vuisternens-devant-Romont;2
1688;Vuisternens-devant-Romont;2
1697;Vuisternens-devant-Romont;2
1697;Vuisternens-devant-Romont;2
1690;Villorsonnens;2
1694;Villorsonnens;2
1694;Villorsonnens;2
1694;Villorsonnens;2
1694;Villorsonnens;2
1748;Torny;2
1749;Torny;2
1680;Villaz;2
1690;Villaz;2
1690;Villaz;2
1691;Villaz;2
1669;Haut-Intyamon;2
1669;Haut-Intyamon;2
1669;Haut-Intyamon;2
1669;Haut-Intyamon;2
1669;Haut-Intyamon;2
1643;Pont-en-Ogoz;2
1644;Pont-en-Ogoz;2
1645;Pont-en-Ogoz;2
1652;Botterens;2
1652;Botterens;2
1636;Broc;2
1653;Broc;2
1630;Bulle;2
1635;Bulle;2
1661;Bulle;2
1653;Châtel-sur-Montsalvens;2
1646;Corbières;2
1647;Corbières;2
1651;Corbières;2
1653;Crésuz;2
1628;Écharlens;2
1646;Écharlens;2
1666;Grandvillard;2
1635;Gruyères;2
1636;Gruyères;2
1661;Gruyères;2
1663;Gruyères;2
1663;Gruyères;2
1663;Gruyères;2
1663;Gruyères;2
1634;Hauteville;2
1647;Hauteville;2
1648;Hauteville;2
1637;Jaun;2
1656;Jaun;2
1656;Jaun;2
1657;Jaun;2
1716;Jaun;2
1633;Marsens;2
1633;Marsens;2
1638;Morlon;2
1635;Le Pâquier (FR);2
1661;Le Pâquier (FR);2
1649;Pont-la-Ville;2
1628;Riaz;2
1632;Riaz;2
1634;La Roche;2
1733;La Roche;2
1625;Sâles;2
1625;Sâles;2
1626;Sâles;2
1626;Sâles;2
1626;Sâles;2
1627;Sâles;2
1642;Sorens;2
1627;Vaulruz;2
1628;Vaulruz;2
1630;Vaulruz;2
1628;Vuadens;2
1630;Vuadens;2
1663;Bas-Intyamon;2
1665;Bas-Intyamon;2
1666;Bas-Intyamon;2
1667;Bas-Intyamon;2
1637;Val-de-Charmey;2
1654;Val-de-Charmey;2
1716;Val-de-Charmey;2
1742;Autigny;1
1745;Autigny;1
1754;Avry;1
1754;Avry;1
1720;Belfaux;1
1782;Belfaux;1
1782;Belfaux;1
1744;Chénens;1
1720;Corminboeuf;1
1720;Corminboeuf;1
1753;Corminboeuf;1
1741;Cottens (FR);1
1724;Ferpicloz;1
1700;Fribourg;1
1722;Fribourg;1
1762;Givisiez;1
1763;Granges-Paccot;1
;Grolley;1
1723;Marly;1
1725;Marly;1
1753;Matran;1
1740;Neyruz (FR);1
1723;Pierrafortscha;1
;Ponthaux;1
1724;Le Mouret;1
1724;Le Mouret;1
1724;Le Mouret;1
1724;Le Mouret;1
1724;Le Mouret;1
1724;Le Mouret;1
1734;Le Mouret;1
1724;Treyvaux;1
1724;Treyvaux;1
1733;Treyvaux;1
1752;Villars-sur-Glâne;1
1723;Villarsel-sur-Marly;1
1724;Villarsel-sur-Marly;1
1725;Hauterive (FR);1
1730;Hauterive (FR);1
1745;La Brillaz;1
1754;La Brillaz;1
1756;La Brillaz;1
1756;La Brillaz;1
1782;La Sonnaz;1
1782;La Sonnaz;1
1782;La Sonnaz;1
1782;La Sonnaz;1
1695;Gibloux;1
1695;Gibloux;1
1695;Gibloux;1
1695;Gibloux;1
1696;Gibloux;1
1726;Gibloux;1
1726;Gibloux;1
1726;Gibloux;1
1726;Gibloux;1
1727;Gibloux;1
1727;Gibloux;1
1728;Gibloux;1
1746;Prez;1
1747;Prez;1
1754;Prez;1
1757;Prez;1
1724;Bois-d’Amont;1
1725;Bois-d’Amont;1
1731;Bois-d’Amont;1
1732;Bois-d’Amont;1
1796;Courgevaux;2
3280;Courgevaux;2
1583;Courtepin;2
1783;Courtepin;2
1783;Courtepin;2
1784;Courtepin;2
1784;Courtepin;2
1791;Courtepin;2
1795;Courtepin;2
3212;Courtepin;2
1785;Cressier (FR);2
3284;Fräschels;2
3280;Greng;2
1792;Gurmels;2
1792;Gurmels;2
3179;Gurmels;2
3205;Gurmels;2
3206;Gurmels;2
3212;Gurmels;2
3212;Gurmels;2
3213;Gurmels;2
3207;Kerzers;2
3207;Kerzers;2
3210;Kerzers;2
3213;Kleinbösingen;2
3280;Meyriez;2
3280;Meyriez;2
1721;Misery-Courtion;2
1721;Misery-Courtion;2
1721;Misery-Courtion;2
1721;Misery-Courtion;2
3286;Muntelier;2
1595;Murten;2
1793;Murten;2
1794;Murten;2
1795;Murten;2
3215;Murten;2
3215;Murten;2
3215;Murten;2
3280;Murten;2
3280;Murten;2
3285;Murten;2
3210;Ried bei Kerzers;2
3216;Ried bei Kerzers;2
3216;Ried bei Kerzers;2
3214;Ulmiz;2
1786;Mont-Vully;2
1787;Mont-Vully;2
1787;Mont-Vully;2
1788;Mont-Vully;2
1789;Mont-Vully;2
3236;Mont-Vully;2
1719;Brünisried;2
1700;Düdingen;2
3186;Düdingen;2
1735;Giffers;2
3178;Bösingen;2
3184;Bösingen;2
3185;Bösingen;2
1714;Heitenried;2
1716;Plaffeien;2
1716;Plaffeien;2
1716;Plaffeien;2
1719;Plaffeien;2
1719;Plaffeien;2
1738;Plaffeien;2
1716;Plasselb;2
1737;Plasselb;2
1718;Rechthalten;2
1735;Rechthalten;2
1724;St. Silvester;2
1734;St. Silvester;2
1736;St. Silvester;2
1715;St. Ursen;2
1717;St. Ursen;2
1718;St. Ursen;2
1712;Schmitten (FR);2
1713;Schmitten (FR);2
3182;Schmitten (FR);2
3185;Schmitten (FR);2
1700;Tafers;2
1712;Tafers;2
1713;Tafers;2
1714;Tafers;2
1715;Tafers;2
1717;Tafers;2
3182;Tafers;2
3185;Tafers;2
1734;Tentlingen;2
3175;Ueberstorf;2
3182;Ueberstorf;2
3175;Wünnewil-Flamatt;2
3176;Wünnewil-Flamatt;2
3184;Wünnewil-Flamatt;2
3185;Wünnewil-Flamatt;2
1616;Attalens;2
1617;Attalens;2
1808;Attalens;2
1615;Bossonnens;2
1618;Châtel-Saint-Denis;2
1619;Châtel-Saint-Denis;2
1614;Granges (Veveyse);2
1617;Remaufens;2
1618;Remaufens;2
1609;Saint-Martin (FR);2
1609;Saint-Martin (FR);2
1609;Saint-Martin (FR);2
1623;Semsales;2
1627;Semsales;2
1630;Semsales;2
1699;Le Flon;2
1699;Le Flon;2
1699;Le Flon;2
1611;La Verrerie;2
1624;La Verrerie;2
1624;La Verrerie;2
1624;La Verrerie;2
1624;La Verrerie;2
4147;Aesch (BL);1
4153;Aesch (BL);1
4202;Aesch (BL);1
4123;Allschwil;1
4144;Arlesheim;1
4105;Biel-Benken;1
4053;Binningen;1
4101;Binningen;1
4102;Binningen;1
4127;Birsfelden;1
4101;Bottmingen;1
4102;Bottmingen;1
4103;Bottmingen;1
4107;Ettingen;1
4052;Münchenstein;1
4142;Münchenstein;1
4153;Münchenstein;1
4127;Muttenz;1
4132;Muttenz;1
4133;Muttenz;1
4142;Muttenz;1
4104;Oberwil (BL);1
4147;Pfeffingen;1
4148;Pfeffingen;1
4144;Reinach (BL);1
4153;Reinach (BL);1
4124;Schönenbuch;1
4106;Therwil;1
4153;Therwil;1
4223;Blauen;2
4225;Brislach;2
4242;Brislach;2
4117;Burg im Leimental;2
4243;Dittingen;2
4202;Duggingen;2
4203;Grellingen;2
4242;Laufen;2
4246;Laufen;2
4252;Laufen;2
4253;Liesberg;2
4254;Liesberg;2
4224;Nenzlingen;2
2814;Roggenburg;2
4245;Roggenburg;2
4244;Röschenz;2
4246;Wahlen;2
4222;Zwingen;2
4242;Zwingen;2
4305;Arisdorf;2
4422;Arisdorf;2
4133;Augst;2
4302;Augst;2
4303;Augst;2
4410;Bubendorf;1
4416;Bubendorf;1
4133;Frenkendorf;1
4402;Frenkendorf;1
4414;Füllinsdorf;1
4303;Giebenach;2
4304;Giebenach;2
4423;Hersberg;2
4415;Lausen;1
4410;Liestal;1
4415;Liestal;1
4422;Liestal;1
4419;Lupsingen;2
4133;Pratteln;1
4302;Pratteln;1
4402;Pratteln;1
4433;Ramlinsburg;2
4411;Seltisberg;2
4412;Seltisberg;2
4417;Ziefen;2
4469;Anwil;2
4450;Böckten;2
4461;Böckten;2
4444;Buckten;2
4445;Buckten;2
4446;Buckten;2
4447;Buckten;2
4462;Buus;2
4463;Buus;2
4442;Diepflingen;2
4444;Gelterkinden;2
4460;Gelterkinden;2
4445;Häfelfingen;2
4448;Häfelfingen;2
4316;Hemmiken;2
4465;Hemmiken;2
4466;Hemmiken;2
4450;Itingen;2
4452;Itingen;2
4447;Känerkinden;2
4493;Kilchberg (BL);2
4496;Kilchberg (BL);2
4446;Läufelfingen;2
4448;Läufelfingen;2
4458;Läufelfingen;2
4634;Läufelfingen;2
4451;Maisprach;2
4464;Maisprach;2
4453;Nusshof;2
4494;Oltingen;2
4460;Ormalingen;2
4465;Ormalingen;2
4466;Ormalingen;2
4462;Rickenbach (BL);2
4467;Rothenfluh;2
4444;Rümlingen;2
4445;Rünenberg;2
4497;Rünenberg;2
4450;Sissach;2
4492;Tecknau;2
4443;Tenniken;2
4456;Tenniken;2
4441;Thürnen;2
4450;Thürnen;2
4493;Wenslingen;2
4495;Wenslingen;2
4451;Wintersingen;2
4442;Wittinsburg;2
4443;Wittinsburg;2
4444;Wittinsburg;2
4495;Zeglingen;2
4455;Zunzgen;2
4424;Arboldswil;2
4425;Arboldswil;2
4431;Bennwil;2
4434;Bennwil;2
4457;Bennwil;2
4207;Bretzwil;2
4447;Diegten;2
4448;Diegten;2
4456;Diegten;2
4457;Diegten;2
4458;Eptingen;2
4434;Hölstein;2
4457;Hölstein;2
4432;Lampenberg;2
4438;Langenbruck;2
4229;Lauwil;2
4418;Lauwil;2
4426;Lauwil;2
4719;Lauwil;2
4436;Liedertswil;2
4431;Niederdorf;2
4435;Niederdorf;2
4436;Niederdorf;2
4435;Oberdorf (BL);2
4436;Oberdorf (BL);2
4436;Oberdorf (BL);2
4418;Reigoldswil;2
4425;Titterten;2
4418;Waldenburg;2
4437;Waldenburg;2
4438;Waldenburg;2
8214;Gächlingen;2
8214;Gächlingen;2
8225;Gächlingen;2
8226;Gächlingen;2
8223;Löhningen;2
8224;Löhningen;2
8213;Neunkirch;2
8217;Neunkirch;2
8223;Neunkirch;2
8224;Neunkirch;2
8200;Büttenhardt;2
8236;Büttenhardt;2
8239;Dörflingen;2
8235;Lohn (SH);2
8234;Stetten (SH);2
8236;Thayngen;2
8240;Thayngen;2
8241;Thayngen;2
8242;Thayngen;2
8242;Thayngen;2
8243;Thayngen;2
8233;Bargen (SH);2
8222;Beringen;2
8223;Beringen;2
8454;Buchberg;2
8455;Buchberg;2
8232;Merishausen;2
8200;Neuhausen am Rheinfall;1
8212;Neuhausen am Rheinfall;1
8455;Rüdlingen;2
8200;Schaffhausen;1
8203;Schaffhausen;1
8207;Schaffhausen;1
8208;Schaffhausen;1
8212;Schaffhausen;1
8222;Schaffhausen;1
8231;Schaffhausen;1
8226;Beggingen;2
8228;Beggingen;2
8226;Schleitheim;2
8225;Siblingen;2
8263;Buch (SH);2
8261;Hemishofen;2
8262;Ramsen;2
8260;Stein am Rhein;2
8215;Hallau;2
8216;Oberhallau;2
8217;Trasadingen;2
8219;Trasadingen;2
8217;Wilchingen;2
8217;Wilchingen;2
8218;Wilchingen;2
9308;Häggenschwil;2
9312;Häggenschwil;2
9315;Häggenschwil;2
8580;Muolen;2
9220;Muolen;2
9308;Muolen;2
9313;Muolen;2
9000;St. Gallen;1
9008;St. Gallen;1
9010;St. Gallen;1
9011;St. Gallen;1
9012;St. Gallen;1
9014;St. Gallen;1
9015;St. Gallen;1
9016;St. Gallen;1
9030;St. Gallen;1
9037;St. Gallen;1
9042;St. Gallen;1
9300;St. Gallen;1
9008;Wittenbach;2
9300;Wittenbach;2
9308;Wittenbach;2
9300;Berg (SG);2
9305;Berg (SG);2
9306;Berg (SG);2
9034;Eggersriet;2
9035;Eggersriet;2
9036;Eggersriet;2
9037;Eggersriet;2
9405;Eggersriet;2
9400;Goldach;2
9403;Goldach;2
9327;Mörschwil;2
9402;Mörschwil;2
9400;Rorschach;2
9404;Rorschacherberg;2
9405;Rorschacherberg;2
9422;Rorschacherberg;2
9305;Steinach;2
9323;Steinach;2
9326;Tübach;2
9327;Tübach;2
9033;Untereggen;2
9404;Untereggen;2
9434;Au (SG);2
9435;Au (SG);2
9435;Balgach;3
9436;Balgach;3
9445;Balgach;3
9411;Berneck;3
9434;Berneck;3
9435;Berneck;3
9442;Berneck;3
9442;Berneck;3
9436;Diepoldsau;3
9443;Diepoldsau;3
9444;Diepoldsau;3
9424;Rheineck;2
9425;Rheineck;2
9426;Rheineck;2
9424;St. Margrethen;2
9428;St. Margrethen;2
9430;St. Margrethen;2
9404;Thal;2
9422;Thal;2
9423;Thal;2
9425;Thal;2
9435;Widnau;3
9443;Widnau;3
9058;Altstätten;3
9450;Altstätten;3
9450;Altstätten;3
9452;Altstätten;3
9453;Altstätten;3
9463;Altstätten;3
9464;Altstätten;3
9464;Altstätten;3
9452;Eichberg;3
9453;Eichberg;3
9437;Marbach (SG);3
9436;Oberriet (SG);3
9451;Oberriet (SG);3
9462;Oberriet (SG);3
9463;Oberriet (SG);3
9437;Rebstein;3
9445;Rebstein;3
9463;Rüthi (SG);3
9464;Rüthi (SG);3
9464;Rüthi (SG);3
9469;Buchs (SG);2
9470;Buchs (SG);2
9473;Gams;3
9658;Gams;3
9469;Grabs;3
9470;Grabs;3
9470;Grabs;3
9472;Grabs;3
9472;Grabs;3
9658;Grabs;3
9465;Sennwald;3
9466;Sennwald;3
9467;Sennwald;3
9468;Sennwald;3
9469;Sennwald;3
9473;Sennwald;3
9470;Sevelen;2
9475;Sevelen;2
9476;Sevelen;2
7320;Wartau;2
9476;Wartau;2
9476;Wartau;2
9477;Wartau;2
9478;Wartau;2
9479;Wartau;2
9479;Wartau;2
9479;Wartau;2
7310;Bad Ragaz;2
7317;Bad Ragaz;2
8888;Flums;2
8890;Flums;2
8892;Flums;2
8893;Flums;2
8894;Flums;2
8895;Flums;2
8896;Flums;2
8897;Flums;2
8898;Flums;2
7325;Mels;2
7326;Mels;2
8886;Mels;2
8887;Mels;2
8888;Mels;2
8889;Mels;2
7312;Pfäfers;2
7313;Pfäfers;2
7314;Pfäfers;2
7315;Pfäfers;2
7317;Pfäfers;2
7317;Pfäfers;2
8877;Quarten;2
8878;Quarten;2
8882;Quarten;2
8883;Quarten;2
8884;Quarten;2
8885;Quarten;2
8896;Quarten;2
8898;Quarten;2
7320;Sargans;2
8888;Sargans;2
7323;Vilters-Wangs;2
7323;Vilters-Wangs;2
7324;Vilters-Wangs;2
8878;Walenstadt;2
8880;Walenstadt;2
8881;Walenstadt;2
8881;Walenstadt;2
8890;Walenstadt;2
8892;Walenstadt;2
8893;Walenstadt;2
8896;Walenstadt;2
8872;Amden;2
8873;Amden;2
8717;Benken (SG);2
8863;Benken (SG);2
8717;Kaltbrunn;2
8722;Kaltbrunn;2
8718;Schänis;2
8722;Schänis;2
8723;Schänis;2
8723;Schänis;2
8866;Schänis;2
8872;Weesen;2
8716;Schmerikon;2
8730;Schmerikon;2
8716;Uznach;2
8730;Uznach;2
8630;Rapperswil-Jona;2
8633;Rapperswil-Jona;2
8640;Rapperswil-Jona;2
8645;Rapperswil-Jona;2
8646;Rapperswil-Jona;2
8714;Rapperswil-Jona;2
8715;Rapperswil-Jona;2
8734;Rapperswil-Jona;2
8725;Gommiswald;2
8725;Gommiswald;2
8726;Gommiswald;2
8730;Gommiswald;2
8737;Gommiswald;2
8738;Gommiswald;2
8739;Gommiswald;2
8636;Eschenbach (SG);2
8637;Eschenbach (SG);2
8638;Eschenbach (SG);2
8725;Eschenbach (SG);2
8727;Eschenbach (SG);2
8732;Eschenbach (SG);2
8733;Eschenbach (SG);2
8734;Eschenbach (SG);2
8735;Eschenbach (SG);2
8735;Eschenbach (SG);2
9633;Ebnat-Kappel;3
9642;Ebnat-Kappel;3
9643;Ebnat-Kappel;3
9107;Wildhaus-Alt St. Johann;3
9656;Wildhaus-Alt St. Johann;3
9657;Wildhaus-Alt St. Johann;3
9658;Wildhaus-Alt St. Johann;3
9107;Nesslau;3
9633;Nesslau;3
9643;Nesslau;3
9650;Nesslau;3
9651;Nesslau;3
9652;Nesslau;3
9655;Nesslau;3
9620;Lichtensteig;3
8726;Wattwil;3
9615;Wattwil;3
9620;Wattwil;3
9622;Wattwil;3
9630;Wattwil;3
9631;Wattwil;3
9633;Wattwil;3
9642;Wattwil;3
8376;Kirchberg (SG);2
9500;Kirchberg (SG);2
9532;Kirchberg (SG);2
9533;Kirchberg (SG);2
9533;Kirchberg (SG);2
9534;Kirchberg (SG);2
9601;Kirchberg (SG);2
9602;Kirchberg (SG);2
9602;Kirchberg (SG);2
9613;Kirchberg (SG);2
9123;Lütisburg;3
9243;Lütisburg;3
9601;Lütisburg;3
9602;Lütisburg;3
9604;Lütisburg;3
9604;Lütisburg;3
9604;Lütisburg;3
9608;Lütisburg;3
8376;Mosnang;3
8496;Mosnang;3
9601;Mosnang;3
9607;Mosnang;3
9612;Mosnang;3
9613;Mosnang;3
9614;Mosnang;3
9615;Mosnang;3
9630;Mosnang;3
9601;Bütschwil-Ganterschwil;3
9606;Bütschwil-Ganterschwil;3
9608;Bütschwil-Ganterschwil;3
9614;Bütschwil-Ganterschwil;3
9615;Bütschwil-Ganterschwil;3
9620;Bütschwil-Ganterschwil;3
9621;Bütschwil-Ganterschwil;3
9103;Neckertal;3
9105;Neckertal;3
9107;Neckertal;3
9113;Neckertal;3
9114;Neckertal;3
9115;Neckertal;3
9116;Neckertal;3
9122;Neckertal;3
9122;Neckertal;3
9123;Neckertal;3
9125;Neckertal;3
9126;Neckertal;3
9127;Neckertal;3
9620;Neckertal;3
9621;Neckertal;3
9630;Neckertal;3
9633;Neckertal;3
9633;Neckertal;3
9113;Degersheim;3
9116;Degersheim;3
9230;Degersheim;3
9113;Flawil;2
9200;Flawil;2
9230;Flawil;2
9231;Flawil;2
9242;Jonschwil;2
9243;Jonschwil;2
9532;Jonschwil;2
9536;Jonschwil;2
9604;Jonschwil;2
9230;Oberuzwil;2
9240;Oberuzwil;2
9242;Oberuzwil;2
9244;Oberuzwil;2
9248;Oberuzwil;2
9604;Oberuzwil;2
9240;Uzwil;2
9242;Uzwil;2
9244;Uzwil;2
9247;Uzwil;2
9249;Uzwil;2
9249;Uzwil;2
9249;Uzwil;2
9536;Uzwil;2
9200;Niederbüren;1
9203;Niederbüren;1
9246;Niederbüren;1
9223;Niederhelfenschwil;1
9245;Niederhelfenschwil;1
9245;Niederhelfenschwil;1
9524;Niederhelfenschwil;1
9525;Niederhelfenschwil;1
9526;Niederhelfenschwil;1
9527;Niederhelfenschwil;1
9203;Oberbüren;1
9230;Oberbüren;1
9240;Oberbüren;1
9245;Oberbüren;1
9245;Oberbüren;1
9500;Zuzwil (SG);1
9515;Zuzwil (SG);1
9523;Zuzwil (SG);1
9524;Zuzwil (SG);1
9500;Wil (SG);1
9512;Wil (SG);1
9514;Wil (SG);1
9524;Wil (SG);1
9536;Wil (SG);1
9543;Wil (SG);1
9552;Wil (SG);1
9204;Andwil (SG);2
9212;Andwil (SG);2
9030;Gaiserwald;1
9030;Gaiserwald;1
9032;Gaiserwald;1
9300;Gaiserwald;1
9015;Gossau (SG);1
9030;Gossau (SG);1
9100;Gossau (SG);1
9200;Gossau (SG);1
9204;Gossau (SG);1
9212;Gossau (SG);1
9032;Waldkirch;2
9204;Waldkirch;2
9205;Waldkirch;2
9213;Waldkirch;2
9246;Waldkirch;2
9300;Waldkirch;2
9304;Waldkirch;2
7076;Vaz/Obervaz;3
7077;Vaz/Obervaz;3
7078;Vaz/Obervaz;3
7082;Vaz/Obervaz;3
7450;Vaz/Obervaz;3
7083;Lantsch/Lenz;3
7493;Schmitten (GR);3
7084;Albula/Alvra;3
7450;Albula/Alvra;3
7451;Albula/Alvra;3
7458;Albula/Alvra;3
7459;Albula/Alvra;3
7472;Albula/Alvra;3
7473;Albula/Alvra;3
7492;Albula/Alvra;3
7452;Surses;3
7453;Surses;3
7454;Surses;3
7455;Surses;3
7456;Surses;3
7456;Surses;3
7457;Surses;3
7460;Surses;3
7462;Surses;3
7463;Surses;3
7463;Surses;3
7464;Surses;3
7477;Bergün Filisur;3
7482;Bergün Filisur;3
7482;Bergün Filisur;3
7482;Bergün Filisur;3
7484;Bergün Filisur;3
7494;Bergün Filisur;3
7743;Brusio;2
7743;Brusio;2
7744;Brusio;2
7747;Brusio;2
7748;Brusio;2
7710;Poschiavo;2
7710;Poschiavo;2
7741;Poschiavo;2
7742;Poschiavo;2
7742;Poschiavo;2
7742;Poschiavo;2
7743;Poschiavo;2
7745;Poschiavo;2
7746;Poschiavo;2
7032;Falera;3
7153;Falera;3
7031;Laax;3
7032;Laax;3
7152;Sagogn;3
7151;Schluein;3
7116;Vals;3
7132;Vals;3
7110;Lumnezia;3
7113;Lumnezia;3
7114;Lumnezia;3
7115;Lumnezia;3
7116;Lumnezia;3
7142;Lumnezia;3
7143;Lumnezia;3
7144;Lumnezia;3
7145;Lumnezia;3
7146;Lumnezia;3
7147;Lumnezia;3
7148;Lumnezia;3
7149;Lumnezia;3
7111;Ilanz/Glion;3
7112;Ilanz/Glion;3
7122;Ilanz/Glion;3
7126;Ilanz/Glion;3
7127;Ilanz/Glion;3
7128;Ilanz/Glion;3
7130;Ilanz/Glion;3
7130;Ilanz/Glion;3
7130;Ilanz/Glion;3
7141;Ilanz/Glion;3
7154;Ilanz/Glion;3
7155;Ilanz/Glion;3
7156;Ilanz/Glion;3
7156;Ilanz/Glion;3
7157;Ilanz/Glion;3
7413;Fürstenau;3
7414;Fürstenau;3
7405;Rothenbrunnen;3
7412;Scharans;3
7411;Sils im Domleschg;3
7405;Cazis;3
7408;Cazis;3
7415;Cazis;3
7421;Cazis;3
7422;Cazis;3
7423;Cazis;3
7423;Cazis;3
7424;Cazis;3
7424;Cazis;3
7426;Flerden;3
7426;Flerden;3
7421;Masein;3
7425;Masein;3
7430;Thusis;3
7431;Thusis;3
7431;Thusis;3
7428;Tschappina;3
7427;Urmein;3
7104;Safiental;3
7106;Safiental;3
7107;Safiental;3
7109;Safiental;3
7122;Safiental;3
7402;Safiental;3
7404;Domleschg;3
7407;Domleschg;3
7415;Domleschg;3
7415;Domleschg;3
7416;Domleschg;3
7417;Domleschg;3
7418;Domleschg;3
7419;Domleschg;3
7447;Avers;3
7448;Avers;3
7434;Sufers;3
7440;Andeer;3
7442;Andeer;3
7443;Andeer;3
7430;Rongellen;3
7432;Zillis-Reischen;3
7444;Ferrera;3
7445;Ferrera;3
7445;Ferrera;3
7435;Rheinwald;3
7436;Rheinwald;3
7437;Rheinwald;3
7438;Rheinwald;3
7433;Muntogna da Schons;3
7433;Muntogna da Schons;3
7433;Muntogna da Schons;3
7433;Muntogna da Schons;3
7402;Bonaduz;2
7013;Domat/Ems;2
7403;Rhäzüns;2
7012;Felsberg;2
7017;Flims;2
7018;Flims;2
7019;Flims;2
7015;Tamins;2
7315;Tamins;2
7014;Trin;2
7015;Trin;2
7016;Trin;2
7527;Zernez;2
7530;Zernez;2
7542;Zernez;2
7543;Zernez;2
7562;Samnaun;2
7563;Samnaun;2
7545;Scuol;2
7546;Scuol;2
7550;Scuol;2
7551;Scuol;2
7552;Scuol;2
7553;Scuol;2
7554;Scuol;2
7557;Scuol;2
7556;Valsot;2
7556;Valsot;2
7557;Valsot;2
7558;Valsot;2
7559;Valsot;2
7560;Valsot;2
7502;Bever;2
7502;Bever;2
7500;Celerina/Schlarigna;2
7504;Celerina/Schlarigna;2
7505;Celerina/Schlarigna;2
7523;Madulain;2
7523;Madulain;2
7504;Pontresina;2
7522;La Punt Chamues-ch;2
7503;Samedan;2
7504;Samedan;2
7513;Samedan;2
7500;St. Moritz;2
7512;St. Moritz;2
7525;S-chanf;2
7526;S-chanf;2
7526;S-chanf;2
7514;Sils im Engadin/Segl;2
7514;Sils im Engadin/Segl;2
7515;Sils im Engadin/Segl;2
7517;Sils im Engadin/Segl;2
7512;Silvaplana;2
7513;Silvaplana;2
7513;Silvaplana;2
7524;Zuoz;2
7524;Zuoz;2
7447;Bregaglia;2
7516;Bregaglia;2
7602;Bregaglia;2
7603;Bregaglia;2
7604;Bregaglia;2
7605;Bregaglia;2
7606;Bregaglia;2
7606;Bregaglia;2
7608;Bregaglia;2
7610;Bregaglia;2
6542;Buseno;1
6537;Castaneda;1
6540;Castaneda;1
6541;Castaneda;1
6548;Rossa;1
6548;Rossa;1
6548;Rossa;1
6541;Santa Maria in Calanca;1
6558;Lostallo;1
6563;Mesocco;1
6565;Mesocco;1
6562;Soazza;1
6557;Cama;1
6537;Grono;1
6538;Grono;1
6538;Grono;1
6556;Grono;1
6557;Grono;1
6535;Roveredo (GR);1
6549;Roveredo (GR);1
6533;San Vittore;1
6534;San Vittore;1
6534;San Vittore;1
6543;Calanca;1
6544;Calanca;1
6545;Calanca;1
6546;Calanca;1
7532;Val Müstair;2
7533;Val Müstair;2
7534;Val Müstair;2
7535;Val Müstair;2
7536;Val Müstair;2
7537;Val Müstair;2
7260;Davos;2
7265;Davos;2
7270;Davos;2
7272;Davos;2
7276;Davos;2
7277;Davos;2
7278;Davos;2
7494;Davos;2
7235;Fideris;2
7232;Furna;2
7231;Jenaz;2
7232;Jenaz;2
7233;Jenaz;2
7247;Klosters;2
7249;Klosters;2
7250;Klosters;2
7252;Klosters;2
7265;Klosters;2
7241;Conters im Prättigau;2
7240;Küblis;2
7222;Luzein;2
7223;Luzein;2
7224;Luzein;2
7226;Luzein;2
7240;Luzein;2
7242;Luzein;2
7243;Luzein;2
7244;Luzein;2
7245;Luzein;2
7246;Luzein;2
7000;Chur;1
7023;Chur;1
7026;Chur;1
7063;Chur;1
7064;Chur;1
7074;Chur;1
7000;Churwalden;1
7062;Churwalden;1
7074;Churwalden;1
7075;Churwalden;1
7076;Churwalden;1
7027;Arosa;1
7027;Arosa;1
7027;Arosa;1
7028;Arosa;1
7028;Arosa;1
7029;Arosa;1
7050;Arosa;1
7056;Arosa;1
7057;Arosa;1
7058;Arosa;1
7260;Arosa;1
;Tschiertschen-Praden;1
7202;Trimmis;2
7203;Trimmis;2
7213;Trimmis;2
7204;Untervaz;2
7205;Zizers;2
7302;Zizers;2
7304;Fläsch;2
7306;Fläsch;2
7307;Jenins;2
7302;Maienfeld;2
7304;Maienfeld;2
7208;Malans;2
7204;Landquart;2
7206;Landquart;2
7302;Landquart;2
7303;Landquart;2
7313;Landquart;2
7213;Grüsch;2
7214;Grüsch;2
7215;Grüsch;2
7220;Schiers;2
7220;Schiers;2
7222;Schiers;2
7226;Schiers;2
7226;Schiers;2
7226;Schiers;2
7228;Schiers;2
7228;Schiers;2
7212;Seewis im Prättigau;2
7212;Seewis im Prättigau;2
7212;Seewis im Prättigau;2
7215;Seewis im Prättigau;2
7134;Breil/Brigels;3
7158;Breil/Brigels;3
7159;Breil/Brigels;3
7162;Breil/Brigels;3
7163;Breil/Brigels;3
7164;Breil/Brigels;3
7165;Breil/Brigels;3
7180;Disentis/Mustér;3
7182;Disentis/Mustér;3
7183;Disentis/Mustér;3
7186;Disentis/Mustér;3
7184;Medel (Lucmagn);3
7185;Medel (Lucmagn);3
7172;Sumvitg;3
7173;Sumvitg;3
7174;Sumvitg;3
7175;Sumvitg;3
7176;Sumvitg;3
7180;Sumvitg;3
7187;Tujetsch;3
7188;Tujetsch;3
7189;Tujetsch;3
7166;Trun;3
7167;Trun;3
7168;Trun;3
7172;Trun;3
7134;Obersaxen Mundaun;3
7137;Obersaxen Mundaun;3
7138;Obersaxen Mundaun;3
6517;Arbedo-Castione;1
6532;Arbedo-Castione;1
6500;Bellinzona;1
6503;Bellinzona;1
6512;Bellinzona;1
6513;Bellinzona;1
6514;Bellinzona;1
6515;Bellinzona;1
6518;Bellinzona;1
6523;Bellinzona;1
6524;Bellinzona;1
6525;Bellinzona;1
6528;Bellinzona;1
6532;Bellinzona;1
6582;Bellinzona;1
6583;Bellinzona;1
6584;Bellinzona;1
6592;Bellinzona;1
6702;Bellinzona;1
6592;Cadenazzo;1
6593;Cadenazzo;1
6599;Cadenazzo;1
6810;Isone;1
6532;Lumino;1
6533;Lumino;1
6515;Sant’Antonino;1
6528;Sant’Antonino;1
6592;Sant’Antonino;1
6593;Sant’Antonino;1
6715;Acquarossa;2
6716;Acquarossa;2
6716;Acquarossa;2
6716;Acquarossa;2
6721;Acquarossa;2
6722;Acquarossa;2
6723;Acquarossa;2
6723;Acquarossa;2
6723;Acquarossa;2
6724;Acquarossa;2
6724;Acquarossa;2
6717;Blenio;2
6717;Blenio;2
6718;Blenio;2
6718;Blenio;2
6719;Blenio;2
6719;Blenio;2
6720;Blenio;2
6720;Blenio;2
6710;Serravalle;2
6713;Serravalle;2
6714;Serravalle;2
6721;Serravalle;2
6780;Airolo;2
6781;Bedretto;2
6781;Bedretto;2
;Bodio;2
6774;Dalpe;2
6714;Faido;2
6746;Faido;2
6746;Faido;2
6746;Faido;2
6747;Faido;2
6748;Faido;2
6749;Faido;2
6749;Faido;2
6760;Faido;2
6760;Faido;2
6760;Faido;2
6760;Faido;2
6760;Faido;2
6760;Faido;2
6763;Faido;2
6763;Faido;2
6764;Faido;2
6743;Giornico;2
6745;Giornico;2
6744;Personico;2
6742;Pollegio;2
;Prato (Leventina);2
6772;Quinto;2
6773;Quinto;2
6775;Quinto;2
6776;Quinto;2
6777;Quinto;2
6612;Ascona;1
6618;Ascona;1
6622;Ascona;1
6645;Brione sopra Minusio;2
6646;Brione sopra Minusio;2
6614;Brissago;1
6614;Brissago;1
6596;Gordola;2
6595;Lavertezzo;2
6516;Locarno;1
6572;Locarno;1
6594;Locarno;1
6595;Locarno;1
6596;Locarno;1
6600;Locarno;1
6600;Locarno;1
6600;Locarno;1
6605;Locarno;1
6612;Locarno;1
6644;Locarno;1
6652;Locarno;1
6616;Losone;1
6618;Losone;1
6647;Mergoscia;2
6645;Minusio;1
6648;Minusio;1
6600;Muralto;1
6600;Muralto;1
6600;Orselina;1
6605;Orselina;1
6644;Orselina;1
6613;Ronco sopra Ascona;1
6622;Ronco sopra Ascona;1
6598;Tenero-Contra;1
6646;Tenero-Contra;1
6611;Onsernone;2
6611;Onsernone;2
6611;Onsernone;2
6655;Onsernone;2
6661;Onsernone;2
6661;Onsernone;2
6661;Onsernone;2
6662;Onsernone;2
6663;Onsernone;2
6663;Onsernone;2
6664;Onsernone;2
6516;Cugnasco-Gerra;2
6594;Cugnasco-Gerra;2
6595;Cugnasco-Gerra;2
6597;Cugnasco-Gerra;2
6934;Agno;1
6982;Agno;1
6990;Agno;1
6992;Agno;1
6992;Agno;1
6994;Aranno;1
6822;Arogno;1
6823;Arogno;1
;Astano;1
6930;Bedano;1
;Bedigliora;1
6934;Bioggio;1
6935;Bioggio;1
6982;Bioggio;1
6992;Bioggio;1
6993;Bioggio;1
6816;Bissone;1
6827;Brusino Arsizio;1
6867;Brusino Arsizio;1
6934;Cademario;1
6936;Cademario;1
6814;Cadempino;1
6814;Cadempino;1
6952;Canobbio;1
6987;Caslano;1
6944;Comano;1
6949;Comano;1
6944;Cureglia;1
;Curio;1
6916;Grancia;1
6814;Gravesano;1
6929;Gravesano;1
6807;Lamone;1
6814;Lamone;1
6814;Lamone;1
6930;Lamone;1
6944;Lamone;1
6823;Lugano;1
6900;Lugano;1
6900;Lugano;1
6912;Lugano;1
6913;Lugano;1
6914;Lugano;1
6915;Lugano;1
6917;Lugano;1
6918;Lugano;1
6924;Lugano;1
6932;Lugano;1
6943;Lugano;1
6951;Lugano;1
6951;Lugano;1
6951;Lugano;1
6951;Lugano;1
6951;Lugano;1
6951;Lugano;1
6958;Lugano;1
6959;Lugano;1
6959;Lugano;1
6959;Lugano;1
6959;Lugano;1
6959;Lugano;1
6962;Lugano;1
6963;Lugano;1
6963;Lugano;1
6964;Lugano;1
6965;Lugano;1
6966;Lugano;1
6967;Lugano;1
6968;Lugano;1
6974;Lugano;1
6976;Lugano;1
6977;Lugano;1
6978;Lugano;1
6979;Lugano;1
6983;Magliaso;1
6928;Manno;1
6934;Manno;1
6900;Massagno;1
6815;Melide;1
6805;Mezzovico-Vira;1
6805;Mezzovico-Vira;1
;Miglieglia;1
6922;Morcote;1
6933;Muzzano;1
6982;Muzzano;1
6983;Neggio;1
6991;Neggio;1
;Novaggio;1
6945;Origlio;1
6900;Paradiso;1
6945;Ponte Capriasca;1
6946;Ponte Capriasca;1
6946;Ponte Capriasca;1
6942;Porza;1
6948;Porza;1
6984;Pura;1
6942;Savosa;1
6948;Savosa;1
6924;Sorengo;1
6807;Capriasca;1
6947;Capriasca;1
6950;Capriasca;1
6953;Capriasca;1
6954;Capriasca;1
6954;Capriasca;1
6955;Capriasca;1
6955;Capriasca;1
6956;Capriasca;1
6957;Capriasca;1
6958;Capriasca;1
6958;Capriasca;1
6960;Capriasca;1
6807;Torricella-Taverne;1
6808;Torricella-Taverne;1
6992;Vernate;1
6943;Vezia;1
6921;Vico Morcote;1
6916;Collina d’Oro;1
6919;Collina d’Oro;1
6925;Collina d’Oro;1
6926;Collina d’Oro;1
6927;Collina d’Oro;1
6937;Alto Malcantone;1
6938;Alto Malcantone;1
6938;Alto Malcantone;1
6939;Alto Malcantone;1
6939;Alto Malcantone;1
6802;Monteceneri;1
6803;Monteceneri;1
6804;Monteceneri;1
6806;Monteceneri;1
6809;Monteceneri;1
6980;Tresa;1
6988;Tresa;1
6989;Tresa;1
6995;Tresa;1
6997;Tresa;1
6998;Tresa;1
6817;Val Mara;1
6818;Val Mara;1
6821;Val Mara;1
6828;Balerna;1
6830;Balerna;1
6825;Castel San Pietro;1
6850;Castel San Pietro;1
6873;Castel San Pietro;1
6874;Castel San Pietro;1
6875;Castel San Pietro;1
6875;Castel San Pietro;1
6875;Castel San Pietro;1
6877;Castel San Pietro;1
6830;Chiasso;1
6832;Chiasso;1
6832;Chiasso;1
6877;Coldrerio;1
6825;Mendrisio;1
6850;Mendrisio;1
6852;Mendrisio;1
6853;Mendrisio;1
6855;Mendrisio;1
6862;Mendrisio;1
6863;Mendrisio;1
6864;Mendrisio;1
6865;Mendrisio;1
6866;Mendrisio;1
6872;Mendrisio;1
6874;Mendrisio;1
6834;Morbio Inferiore;1
6828;Novazzano;1
6883;Novazzano;1
6826;Riva San Vitale;1
6853;Stabio;1
6854;Stabio;1
6855;Stabio;1
6833;Vacallo;1
6835;Breggia;1
6837;Breggia;1
6837;Breggia;1
6838;Breggia;1
6838;Breggia;1
6839;Breggia;1
6710;Biasca;2
6742;Biasca;2
6526;Riviera;2
6527;Riviera;2
6703;Riviera;2
6705;Riviera;2
6707;Riviera;2
6685;Bosco/Gurin;2
6683;Campo (Vallemaggia);2
6684;Campo (Vallemaggia);2
6684;Campo (Vallemaggia);2
6682;Cerentino;2
6683;Cerentino;2
6675;Cevio;2
6676;Cevio;2
6690;Cevio;2
6690;Cevio;2
6682;Linescio;2
6670;Maggia;2
6673;Maggia;2
6674;Maggia;2
6674;Maggia;2
6677;Maggia;2
6677;Maggia;2
6678;Maggia;2
6678;Maggia;2
6678;Maggia;2
6692;Lavizzara;2
6692;Lavizzara;2
6693;Lavizzara;2
6694;Lavizzara;2
6695;Lavizzara;2
6695;Lavizzara;2
6696;Lavizzara;2
6670;Avegno Gordevio;2
6672;Avegno Gordevio;2
6652;Terre di Pedemonte;2
6653;Terre di Pedemonte;2
6654;Terre di Pedemonte;2
6655;Centovalli;2
6655;Centovalli;2
6655;Centovalli;2
6656;Centovalli;2
6657;Centovalli;2
6658;Centovalli;2
6659;Centovalli;2
6659;Centovalli;2
6571;Gambarogno;1
6572;Gambarogno;1
6573;Gambarogno;1
6574;Gambarogno;1
6575;Gambarogno;1
6575;Gambarogno;1
6576;Gambarogno;1
6577;Gambarogno;1
6578;Gambarogno;1
6579;Gambarogno;1
6593;Gambarogno;1
6594;Gambarogno;1
6631;Verzasca;2
6632;Verzasca;2
6633;Verzasca;2
6634;Verzasca;2
6635;Verzasca;2
6636;Verzasca;2
6637;Verzasca;2
1860;Aigle;2
1863;Aigle;2
1880;Bex;2
1880;Bex;2
1880;Bex;2
1880;Bex;2
1880;Bex;2
1882;Bex;2
1846;Chessel;2
1856;Corbeyrier;2
1880;Gryon;2
1880;Gryon;2
1882;Gryon;2
1892;Lavey-Morcles;2
1892;Lavey-Morcles;2
1892;Lavey-Morcles;2
1854;Leysin;2
1845;Noville;2
1860;Ollon;2
1866;Ollon;2
1867;Ollon;2
1867;Ollon;2
1867;Ollon;2
1884;Ollon;2
1884;Ollon;2
1884;Ollon;2
1885;Ollon;2
1660;Ormont-Dessous;2
1856;Ormont-Dessous;2
1862;Ormont-Dessous;2
1862;Ormont-Dessous;2
1863;Ormont-Dessous;2
1866;Ormont-Dessous;2
1864;Ormont-Dessus;2
1865;Ormont-Dessus;2
1847;Rennaz;2
1852;Roche (VD);2
1844;Villeneuve (VD);2
1853;Yvorne;2
1170;Aubonne;1
1172;Aubonne;1
1174;Aubonne;1
1174;Aubonne;1
1144;Ballens;1
1149;Berolle;1
1145;Bière;1
1149;Bière;1
1172;Bougy-Villars;1
1166;Féchy;1
1173;Féchy;1
1188;Gimel;1
1261;Longirod;1
1261;Marchissy;1
1146;Mollens (VD);1
1188;Saint-George;1
1145;Saint-Livres;1
1176;Saint-Livres;1
1187;Saint-Oyens;1
1189;Saubraz;1
1564;Avenches;2
1580;Avenches;2
1580;Avenches;2
1580;Avenches;2
1721;Avenches;2
1588;Cudrefin;2
1595;Faoug;2
1584;Vully-les-Lacs;2
1585;Vully-les-Lacs;2
1585;Vully-les-Lacs;2
1585;Vully-les-Lacs;2
1586;Vully-les-Lacs;2
1587;Vully-les-Lacs;2
1587;Vully-les-Lacs;2
1589;Vully-les-Lacs;2
1787;Vully-les-Lacs;2
1042;Bettens;2
1306;Bettens;2
1035;Bournens;2
1034;Boussens;2
1148;La Chaux (Cossonay);2
1308;La Chaux (Cossonay);2
1316;La Chaux (Cossonay);2
1148;Chavannes-le-Veyron;2
1316;Chevilly;2
1304;Cossonay;2
1304;Cossonay;2
1148;Cuarnens;2
1306;Daillens;2
1304;Dizy;2
1312;Éclépens;2
1313;Ferreyres;2
1124;Gollion;2
1117;Grancy;2
1148;L’Isle;2
1148;L’Isle;2
1148;L’Isle;2
1307;Lussery-Villars;2
1148;Mauraz;2
1031;Mex (VD);2
1148;Moiry;2
1148;Mont-la-Ville;2
1325;Mont-la-Ville;2
1147;Montricher;2
1317;Orny;2
1372;Orny;2
1305;Penthalaz;2
1303;Penthaz;2
1318;Pompaples;2
1315;La Sarraz;2
1304;Senarclens;2
1036;Sullens;2
1031;Vufflens-la-Ville;2
1302;Vufflens-la-Ville;2
1042;Assens;2
1042;Assens;2
1038;Bercher;2
1041;Bottens;2
1053;Bretigny-sur-Morrens;2
1053;Cugy (VD);2
1040;Échallens;2
1417;Essertines-sur-Yverdon;2
1417;Essertines-sur-Yverdon;2
1037;Étagnières;2
1044;Fey;2
1055;Froideville;2
1054;Morrens (VD);2
1377;Oulens-sous-Echallens;2
1416;Pailly;2
1375;Penthéréaz;2
1041;Poliez-Pittet;2
1046;Rueyres;2
1040;Saint-Barthélemy (VD);2
1040;Villars-le-Terroir;2
1418;Vuarrens;2
1041;Montilliez;2
1041;Montilliez;2
1041;Montilliez;2
1043;Montilliez;2
1376;Goumoëns;2
1376;Goumoëns;2
1376;Goumoëns;2
1423;Bonvillars;2
1427;Bonvillars;2
1452;Bullet;2
1453;Bullet;2
1424;Champagne;2
1426;Concise;2
2028;Concise;2
1426;Corcelles-près-Concise;2
1420;Fiez;2
1453;Fiez;2
1421;Fontaines-sur-Grandson;2
1453;Fontaines-sur-Grandson;2
1429;Giez;2
1421;Grandevent;2
1453;Grandevent;2
1453;Grandevent;2
1422;Grandson;2
1453;Mauborget;2
1428;Mutrux;2
1431;Novalles;2
1425;Onnens (VD);2
1428;Provence;2
2108;Provence;2
1445;Sainte-Croix;2
1450;Sainte-Croix;2
1450;Sainte-Croix;2
1450;Sainte-Croix;2
1452;Sainte-Croix;2
1454;Sainte-Croix;2
1454;Sainte-Croix;2
1423;Tévenon;2
1423;Tévenon;2
1423;Tévenon;2
1423;Tévenon;2
1453;Tévenon;2
1092;Belmont-sur-Lausanne;1
1033;Cheseaux-sur-Lausanne;1
1023;Crissier;1
1033;Crissier;1
1066;Épalinges;1
1008;Jouxtens-Mézery;1
1000;Lausanne;1
1000;Lausanne;1
1000;Lausanne;1
1003;Lausanne;1
1004;Lausanne;1
1005;Lausanne;1
1006;Lausanne;1
1007;Lausanne;1
1010;Lausanne;1
1011;Lausanne;1
1012;Lausanne;1
1018;Lausanne;1
1023;Lausanne;1
1032;Lausanne;1
1033;Lausanne;1
1053;Lausanne;1
1052;Le Mont-sur-Lausanne;1
1094;Paudex;1
1095;Paudex;1
1008;Prilly;1
1009;Pully;1
1068;Pully;1
1020;Renens (VD);1
1032;Romanel-sur-Lausanne;1
1071;Chexbres;1
1072;Forel (Lavaux);1
1080;Forel (Lavaux);1
1091;Forel (Lavaux);1
1090;Lutry;1
1092;Lutry;1
1093;Lutry;1
1095;Lutry;1
1070;Puidoux;1
1071;Puidoux;1
1096;Puidoux;1
1098;Puidoux;1
1607;Puidoux;1
1071;Rivaz;1
1071;Rivaz;1
1071;Saint-Saphorin (Lavaux);1
1073;Savigny;1
1073;Savigny;1
1090;Savigny;1
1091;Savigny;1
1070;Bourg-en-Lavaux;1
1091;Bourg-en-Lavaux;1
1091;Bourg-en-Lavaux;1
1091;Bourg-en-Lavaux;1
1095;Bourg-en-Lavaux;1
1096;Bourg-en-Lavaux;1
1096;Bourg-en-Lavaux;1
1097;Bourg-en-Lavaux;1
1098;Bourg-en-Lavaux;1
1123;Aclens;1
1121;Bremblens;1
1164;Buchillon;1
1030;Bussigny;1
1015;Chavannes-près-Renens;1
1022;Chavannes-près-Renens;1
1134;Chigny;1
1127;Clarmont;1
1135;Denens;1
1026;Denges;1
1026;Échandens;1
1112;Échichens;1
1113;Échichens;1
1114;Échichens;1
1125;Échichens;1
1015;Écublens (VD);1
1024;Écublens (VD);1
1163;Étoy;1
1170;Lavigny;1
1175;Lavigny;1
1027;Lonay;1
1132;Lully (VD);1
1162;Lully (VD);1
1167;Lussy-sur-Morges;1
1110;Morges;1
1028;Préverenges;1
1122;Romanel-sur-Morges;1
1162;Saint-Prex;1
1015;Saint-Sulpice (VD);1
1025;Saint-Sulpice (VD);1
1131;Tolochenaz;1
1126;Vaux-sur-Morges;1
1029;Villars-Sainte-Croix;1
1168;Villars-sous-Yens;1
1134;Vufflens-le-Château;1
1115;Vullierens;1
1169;Yens;1
1116;Hautemorges;2
1128;Hautemorges;2
1136;Hautemorges;2
1141;Hautemorges;2
1142;Hautemorges;2
1143;Hautemorges;2
1038;Boulens;2
1063;Boulens;2
1514;Bussy-sur-Moudon;2
1510;Chavannes-sur-Moudon;2
1512;Chavannes-sur-Moudon;2
1521;Curtilles;2
1682;Dompierre (VD);2
1059;Hermenches;2
1513;Hermenches;2
1682;Lovatens;2
1522;Lucens;2
1522;Lucens;2
1526;Lucens;2
1526;Lucens;2
1683;Lucens;2
1683;Lucens;2
1683;Lucens;2
1510;Moudon;2
1045;Ogens;2
1682;Prévonloup;2
1513;Rossenges;2
1510;Syens;2
1515;Villars-le-Comte;2
1509;Vucherens;2
1038;Montanaire;2
1063;Montanaire;2
1063;Montanaire;2
1063;Montanaire;2
1409;Montanaire;2
1410;Montanaire;2
1410;Montanaire;2
1410;Montanaire;2
1410;Montanaire;2
1515;Montanaire;2
1277;Arnex-sur-Nyon;1
1264;Arzier-Le Muids;1
1273;Arzier-Le Muids;1
1269;Bassins;1
1268;Begnins;1
1279;Bogis-Bossey;1
1277;Borex;1
1279;Chavannes-de-Bogis;1
1290;Chavannes-des-Bois;1
1275;Chéserex;1
1276;Chéserex;1
1267;Coinsins;1
1291;Commugny;1
1296;Coppet;1
1297;Coppet;1
1299;Crans (VD);1
1263;Crassier;1
1266;Duillier;1
1262;Eysins;1
1296;Founex;1
1297;Founex;1
1272;Genolier;1
1276;Gingins;1
1271;Givrins;1
1272;Givrins;1
1196;Gland;1
1274;Grens;1
1290;Mies;1
1295;Mies;1
1260;Nyon;1
1197;Prangins;1
1260;Prangins;1
1275;La Rippe;1
1278;La Rippe;1
1264;Saint-Cergue;1
1265;Saint-Cergue;1
1276;Saint-Cergue;1
1274;Signy-Avenex;1
1295;Tannay;1
1270;Trélex;1
1261;Le Vaud;1
1267;Vich;1
1355;L’Abergement;2
1357;L’Abergement;2
1352;Agiez;2
1321;Arnex-sur-Orbe;2
1338;Ballaigues;2
1446;Baulmes;2
1454;Baulmes;2
1372;Bavois;2
1353;Bofflens;2
1329;Bretonnières;2
1373;Chavornay;2
1374;Chavornay;2
1435;Chavornay;2
1356;Les Clées;2
1356;Les Clées;2
1322;Croy;2
1326;Juriens;2
1357;Lignerolle;2
1354;Montcherand;2
1350;Orbe;2
1148;La Praz;2
1324;Premier;2
1439;Rances;2
1323;Romainmôtier-Envy;2
1355;Sergey;2
1358;Valeyres-sous-Rances;2
1337;Vallorbe;2
1325;Vaulion;2
1443;Vuiteboeuf;2
1445;Vuiteboeuf;2
1082;Corcelles-le-Jorat;2
1513;Corcelles-le-Jorat;2
1613;Maracon;2
1081;Montpreveyres;2
1088;Ropraz;2
1077;Servion;2
1080;Servion;2
1084;Vulliens;2
1085;Vulliens;2
1041;Jorat-Menthue;2
1058;Jorat-Menthue;2
1059;Jorat-Menthue;2
1061;Jorat-Menthue;2
1062;Jorat-Menthue;2
1063;Jorat-Menthue;2
1078;Oron;2
1607;Oron;2
1607;Oron;2
1607;Oron;2
1607;Oron;2
1608;Oron;2
1608;Oron;2
1608;Oron;2
1610;Oron;2
1610;Oron;2
1610;Oron;2
1612;Oron;2
1076;Jorat-Mézières;2
1083;Jorat-Mézières;2
1084;Jorat-Mézières;2
1537;Champtauroz;2
1545;Chevroux;2
1562;Corcelles-près-Payerne;2
1774;Corcelles-près-Payerne;2
1543;Grandcour;2
1525;Henniez;2
1565;Missy;2
1530;Payerne;2
1551;Payerne;2
1562;Payerne;2
1552;Trey;2
1538;Treytorrens (Payerne);2
1554;Villarzel;2
1554;Villarzel;2
1555;Villarzel;2
1485;Valbroye;2
1523;Valbroye;2
1524;Valbroye;2
1525;Valbroye;2
1534;Valbroye;2
1535;Valbroye;2
1536;Valbroye;2
1682;Valbroye;2
1682;Valbroye;2
1659;Château-d’Oex;2
1659;Château-d’Oex;2
1660;Château-d’Oex;2
1660;Château-d’Oex;2
1660;Château-d’Oex;2
1660;Château-d’Oex;2
1658;Rossinière;2
1658;Rossinière;2
1659;Rougemont;2
1659;Rougemont;2
1165;Allaman;1
1195;Bursinel;1
1183;Bursins;1
1268;Bursins;1
1268;Burtigny;1
1195;Dully;1
1180;Essertines-sur-Rolle;1
1180;Essertines-sur-Rolle;1
1185;Essertines-sur-Rolle;1
1186;Essertines-sur-Rolle;1
1180;Gilly;1
1182;Gilly;1
1183;Gilly;1
1186;Gilly;1
1195;Gilly;1
1184;Luins;1
1185;Mont-sur-Rolle;1
1166;Perroy;1
1180;Rolle;1
1180;Tartegnin;1
1184;Vinzel;1
1268;Vinzel;1
1342;L’Abbaye;2
1344;L’Abbaye;2
1346;L’Abbaye;2
1341;Le Chenit;2
1347;Le Chenit;2
1347;Le Chenit;2
1348;Le Chenit;2
1343;Le Lieu;2
1345;Le Lieu;2
1345;Le Lieu;2
1801;Chardonne;1
1803;Chardonne;1
1802;Corseaux;1
1804;Corsier-sur-Vevey;1
1805;Corsier-sur-Vevey;1
1808;Corsier-sur-Vevey;1
1809;Corsier-sur-Vevey;1
1803;Jongny;1
1804;Jongny;1
1805;Jongny;1
1807;Montreux;1
1815;Montreux;1
1816;Montreux;1
1817;Montreux;1
1820;Montreux;1
1820;Montreux;1
1822;Montreux;1
1823;Montreux;1
1824;Montreux;1
1832;Montreux;1
1832;Montreux;1
1833;Montreux;1
1814;La Tour-de-Peilz;1
1800;Vevey;1
1820;Veytaux;1
1806;Blonay - Saint-Légier;1
1807;Blonay - Saint-Légier;1
1432;Belmont-sur-Yverdon;2
1045;Bioley-Magnoux;2
1407;Bioley-Magnoux;2
1436;Chamblon;2
1443;Champvent;2
1443;Champvent;2
1443;Champvent;2
1464;Chavannes-le-Chêne;2
1464;Chêne-Pâquier;2
1400;Cheseaux-Noréaz;2
1406;Cronay;2
1400;Cuarny;2
1404;Cuarny;2
1415;Démoret;2
1407;Donneloye;2
1407;Donneloye;2
1407;Donneloye;2
1408;Donneloye;2
1434;Épendes (VD);2
1438;Mathod;2
1415;Molondin;2
1442;Montagny-près-Yverdon;2
1047;Oppens;2
1430;Orges;2
1413;Orzens;2
1405;Pomy;2
1463;Rovray;2
1433;Suchy;2
1437;Suscévaz;2
1436;Treycovagnes;2
1412;Ursins;2
1441;Valeyres-sous-Montagny;2
1412;Valeyres-sous-Ursins;2
1404;Villars-Épeney;2
1431;Vugelles-La Mothe;2
1400;Yverdon-les-Bains;2
1432;Yverdon-les-Bains;2
1462;Yvonand;2
3900;Brig-Glis;2
3900;Brig-Glis;2
3900;Brig-Glis;2
3902;Brig-Glis;2
3937;Eggerberg;2
3939;Eggerberg;2
3900;Naters;2
3903;Naters;2
3903;Naters;2
3904;Naters;2
3914;Naters;2
3914;Naters;2
3900;Ried-Brig;2
3901;Ried-Brig;2
3911;Ried-Brig;2
3907;Simplon;2
3907;Simplon;2
3907;Simplon;2
3900;Termen;2
3912;Termen;2
3913;Termen;2
3982;Termen;2
3907;Zwischbergen;2
3907;Zwischbergen;2
3907;Zwischbergen;2
1957;Ardon;1
1908;Chamoson;1
1955;Chamoson;1
1955;Chamoson;1
1955;Chamoson;1
1955;Chamoson;1
1955;Chamoson;1
1955;Chamoson;1
1963;Conthey;1
1964;Conthey;1
1975;Conthey;1
1976;Conthey;1
1976;Conthey;1
1976;Conthey;1
1993;Nendaz;1
1993;Nendaz;1
1994;Nendaz;1
1996;Nendaz;1
1996;Nendaz;1
1996;Nendaz;1
1996;Nendaz;1
1996;Nendaz;1
1996;Nendaz;1
1996;Nendaz;1
1996;Nendaz;1
1997;Nendaz;1
1997;Nendaz;1
1997;Nendaz;1
1963;Vétroz;1
1976;Vétroz;1
1946;Bourg-Saint-Pierre;1
1945;Liddes;1
1945;Liddes;1
1945;Liddes;1
1945;Liddes;1
1945;Liddes;1
1945;Liddes;1
1945;Liddes;1
1945;Liddes;1
1945;Liddes;1
1945;Liddes;1
1945;Liddes;1
1945;Liddes;1
1946;Liddes;1
1937;Orsières;1
1938;Orsières;1
1943;Orsières;1
1944;Orsières;1
1933;Sembrancher;1
1933;Sembrancher;1
1933;Sembrancher;1
1927;Val de Bagnes;1
1933;Val de Bagnes;1
1934;Val de Bagnes;1
1934;Val de Bagnes;1
1936;Val de Bagnes;1
1941;Val de Bagnes;1
1941;Val de Bagnes;1
1942;Val de Bagnes;1
1947;Val de Bagnes;1
1947;Val de Bagnes;1
1948;Val de Bagnes;1
1948;Val de Bagnes;1
1948;Val de Bagnes;1
3997;Bellwald;2
3996;Binn;2
3995;Ernen;2
3995;Ernen;2
3995;Ernen;2
3995;Ernen;2
3984;Fiesch;2
3801;Fieschertal;2
3984;Fieschertal;2
3984;Fieschertal;2
3997;Fieschertal;2
3984;Lax;2
3993;Lax;2
3994;Lax;2
3988;Obergoms;2
3988;Obergoms;2
3999;Obergoms;2
3985;Goms;2
3985;Goms;2
3989;Goms;2
3989;Goms;2
3989;Goms;2
3989;Goms;2
3989;Goms;2
3998;Goms;2
3998;Goms;2
1958;Ayent;1
1958;Ayent;1
1966;Ayent;1
1966;Ayent;1
1966;Ayent;1
1966;Ayent;1
1966;Ayent;1
1966;Ayent;1
1966;Ayent;1
1966;Ayent;1
1966;Ayent;1
1966;Ayent;1
1972;Ayent;1
1974;Ayent;1
1983;Évolène;2
1983;Évolène;2
1984;Évolène;2
1984;Évolène;2
1985;Évolène;2
1985;Évolène;2
1985;Évolène;2
1986;Évolène;2
1982;Hérémence;2
1987;Hérémence;2
1969;Saint-Martin (VS);2
1969;Saint-Martin (VS);2
1969;Saint-Martin (VS);2
1969;Saint-Martin (VS);2
1969;Saint-Martin (VS);2
1982;Saint-Martin (VS);2
1967;Vex;2
1981;Vex;2
1988;Vex;2
1988;Vex;2
1992;Vex;2
1992;Vex;2
1961;Mont-Noble;2
1968;Mont-Noble;2
1973;Mont-Noble;2
3967;Mont-Noble;2
3948;Agarn;2
3951;Agarn;2
3955;Albinen;2
3946;Ergisch;2
3947;Ergisch;2
3948;Ergisch;2
3953;Inden;2
3945;Leuk;2
3951;Leuk;2
3952;Leuk;2
3953;Leuk;2
3953;Leuk;2
3956;Leuk;2
3957;Leuk;2
3970;Leuk;2
3953;Leukerbad;2
3954;Leukerbad;2
3946;Oberems;2
3948;Oberems;2
3970;Salgesch;2
3972;Salgesch;2
3953;Varen;2
3953;Varen;2
3970;Varen;2
3956;Guttet-Feschel;2
3917;Gampel-Bratsch;2
3940;Gampel-Bratsch;2
3945;Gampel-Bratsch;2
3945;Gampel-Bratsch;2
3946;Gampel-Bratsch;2
3957;Gampel-Bratsch;2
3957;Gampel-Bratsch;2
3940;Turtmann-Unterems;2
3943;Turtmann-Unterems;2
3946;Turtmann-Unterems;2
3946;Turtmann-Unterems;2
3948;Turtmann-Unterems;2
3951;Turtmann-Unterems;2
1927;Bovernier;1
1932;Bovernier;1
1932;Bovernier;1
1926;Fully;1
1914;Isérables;1
1997;Isérables;1
1911;Leytron;1
1912;Leytron;1
1912;Leytron;1
1912;Leytron;1
1912;Leytron;1
1904;Martigny;1
1906;Martigny;1
1907;Martigny;1
1920;Martigny;1
1927;Martigny;1
1928;Martigny;1
1920;Martigny-Combe;1
1921;Martigny-Combe;1
1928;Martigny-Combe;1
1908;Riddes;1
1914;Riddes;1
1918;Riddes;1
1911;Saillon;1
1913;Saillon;1
1907;Saxon;1
1929;Trient;1
1874;Champéry;1
1868;Collombey-Muraz;1
1868;Collombey-Muraz;1
1872;Collombey-Muraz;1
1893;Collombey-Muraz;1
1870;Monthey;1
1870;Monthey;1
1871;Monthey;1
1871;Monthey;1
1893;Monthey;1
1897;Port-Valais;1
1897;Port-Valais;1
1898;Port-Valais;1
1898;Saint-Gingolph;1
1871;Troistorrents;1
1872;Troistorrents;1
1875;Troistorrents;1
1873;Val-d’Illiez;1
1873;Val-d’Illiez;1
1873;Val-d’Illiez;1
1895;Vionnaz;1
1899;Vionnaz;1
1896;Vouvry;1
1896;Vouvry;1
1897;Vouvry;1
1899;Vouvry;1
3983;Bister;2
3914;Bitsch;2
3982;Bitsch;2
3993;Grengiols;2
3994;Grengiols;2
3996;Grengiols;2
3982;Riederalp;2
3983;Riederalp;2
3983;Riederalp;2
3983;Riederalp;2
3983;Riederalp;2
3986;Riederalp;2
3987;Riederalp;2
3991;Riederalp;2
3938;Ausserberg;2
3942;Ausserberg;2
3919;Blatten;2
3935;Bürchen;2
3942;Bürchen;2
3943;Eischoll;2
3916;Ferden;2
3917;Ferden;2
3917;Kippel;2
3940;Niedergesteln;2
3942;Niedergesteln;2
3942;Niedergesteln;2
3943;Niedergesteln;2
3949;Niedergesteln;2
3930;Raron;2
3942;Raron;2
3942;Raron;2
3942;Raron;2
3942;Unterbäch;2
3944;Unterbäch;2
3918;Wiler (Lötschen);2
3919;Wiler (Lötschen);2
3983;Mörel-Filet;2
3983;Mörel-Filet;2
3940;Steg-Hohtenn;2
3949;Steg-Hohtenn;2
3983;Bettmeralp;2
3991;Bettmeralp;2
3992;Bettmeralp;2
3994;Bettmeralp;2
1903;Collonges;1
1905;Dorénaz;1
1902;Évionnaz;1
1925;Finhaut;1
1925;Finhaut;1
1869;Massongex;1
1871;Massongex;1
1891;Massongex;1
1890;Saint-Maurice;1
1890;Saint-Maurice;1
1902;Saint-Maurice;1
1920;Salvan;1
1922;Salvan;1
1922;Salvan;1
1923;Salvan;1
1923;Salvan;1
1904;Vernayaz;1
1920;Vernayaz;1
1891;Vérossaz;1
3966;Chalais;1
3966;Chalais;1
3967;Chalais;1
3979;Chalais;1
3965;Chippis;1
3967;Grône;1
3979;Grône;1
1977;Icogne;1
1978;Icogne;1
3963;Icogne;1
3963;Icogne;1
1978;Lens;1
3963;Lens;1
3971;Lens;1
3971;Lens;1
3978;Lens;1
1958;Saint-Léonard;1
1977;Saint-Léonard;1
3978;Saint-Léonard;1
3960;Sierre;1
3960;Sierre;1
3965;Sierre;1
3966;Sierre;1
3966;Sierre;1
3971;Sierre;1
3976;Sierre;1
3976;Sierre;1
3977;Sierre;1
3960;Anniviers;2
3961;Anniviers;2
3961;Anniviers;2
3961;Anniviers;2
3961;Anniviers;2
3961;Anniviers;2
3961;Anniviers;2
3961;Anniviers;2
3961;Anniviers;2
3960;Crans-Montana;1
3960;Crans-Montana;1
3960;Crans-Montana;1
3963;Crans-Montana;1
3963;Crans-Montana;1
3963;Crans-Montana;1
3970;Crans-Montana;1
3971;Crans-Montana;1
3971;Crans-Montana;1
3971;Crans-Montana;1
3972;Crans-Montana;1
3973;Crans-Montana;1
3974;Crans-Montana;1
3975;Crans-Montana;1
3976;Crans-Montana;1
3976;Crans-Montana;1
3960;Noble-Contrée;1
3968;Noble-Contrée;1
3970;Noble-Contrée;1
3972;Noble-Contrée;1
3973;Noble-Contrée;1
1972;Arbaz;1
1974;Arbaz;1
1950;Grimisuat;1
1966;Grimisuat;1
1971;Grimisuat;1
1971;Grimisuat;1
1950;Savièse;1
1962;Savièse;1
1965;Savièse;1
1950;Sion;1
1958;Sion;1
1962;Sion;1
1967;Sion;1
1971;Sion;1
1991;Sion;1
1991;Sion;1
1991;Sion;1
1991;Sion;1
1991;Sion;1
1992;Sion;1
1992;Sion;1
1992;Sion;1
1992;Sion;1
1993;Sion;1
1994;Sion;1
1991;Veysonnaz;1
1993;Veysonnaz;1
3930;Baltschieder;2
3931;Baltschieder;2
3937;Baltschieder;2
3937;Baltschieder;2
3908;Eisten;2
3922;Eisten;2
3922;Embd;2
3926;Embd;2
3925;Grächen;2
3931;Lalden;2
3928;Randa;2
3905;Saas-Almagell;2
3906;Saas-Balen;2
3908;Saas-Balen;2
3910;Saas-Balen;2
3906;Saas-Fee;2
3910;Saas-Fee;2
3910;Saas-Grund;2
3924;St. Niklaus;2
3927;St. Niklaus;2
3922;Stalden (VS);2
3923;Stalden (VS);2
3922;Staldenried;2
3933;Staldenried;2
3929;Täsch;2
3922;Törbel;2
3923;Törbel;2
3930;Visp;2
3930;Visp;2
3922;Visperterminen;2
3930;Visperterminen;2
3932;Visperterminen;2
3934;Zeneggen;2
3920;Zermatt;2
